ArtistName,Ranking,SongName,URL,Year
嵐,1,truth,/song/69920/,2008
嵐,1,風の向こうへ,/song/69919/,2008
嵐,2,One Love,/song/67818/,2008
サザンオールスターズ,3,I AM YOUR SINGER,/song/69467/,2008
GReeeeN,4,キセキ,/song/65511/,2008
羞恥心,5,羞恥心,/song/63887/,2008
Mr.Children,6,HANABI,/song/70478/,2008
青山テルマ feat.SoulJa,7,そばにいるね,/song/60443/,2008
KAT-TUN,8,DON’T U EVER STOP,,2008
KAT-TUN,9,LIPS,/song/61433/,2008
嵐,10,Beautiful days,/song/72439/,2008
関ジャニ∞,11,無責任ヒーロー,/song/72255/,2008
嵐,12,Step and Go,/song/61917/,2008
すぎもとまさと,13,吾亦紅,/song/58223/,2008
藤岡藤巻と大橋のぞみ,14,崖の上のポニョ,/song/59165/,2008
Mr.Children,15,GIFT,/song/69262/,2008
羞恥心,16,泣かないで,/song/67500/,2008
EXILE,17,Ti Amo,/song/71028/,2008
NEWS,19,太陽のナミダ,/song/62283/,2008
アラジン,20,陽は、また昇る,/song/69273/,2008
Hey!Say!JUMP,21,真夜中のシャドーボーイ,/song/72023/,2008
ジェロ,22,海雪,/song/61898/,2008
NEWS,23,SUMMER TIME,/song/65611/,2008
KAT-TUN,24,White X’mas,,2008
Hey!Say!JUMP,25,Dreams come true,/song/65947/,2008
NEWS,26,Happy Birthday,/song/71342/,2008
関ジャニ∞,27,ワッハッハー,/song/62887/,2008
KinKi Kids,28,Secret Code,/song/70127/,2008
コブクロ,29,時の足音,/song/72257/,2008
EXILE,30,LAST CHRISTMAS,/song/73284/,2008
Hey!Say!JUMP,31,Your Seed,/song/68988/,2008
Hey!Say!JUMP,31,冒険ライダー,/song/68987/,2008
B’z,32,BURN-フメツノフェイス-,,2008
浜崎あゆみ,33,Mirrorcle World,/song/63411/,2008
Aqua Timez,34,虹,/song/64412/,2008
SMAP,35,弾丸ファイター,/song/59673/,2008
福山雅治,36,想 -new love new world-,/song/71993/,2008
秋元順子,37,愛のままで…,/song/60710/,2008
EXILE,38,You’re my sunshine,,2008
EXILE,38,Pure,/song/61048/,2008
SMAP,39,そのまま,/song/62587/,2008
SMAP,39,White Message,/song/62588/,2008
UVERworld,40,儚くも永久のカナシ,/song/72586/,2008
氷川きよし,41,玄海船歌,/song/61314/,2008
絢香×コブクロ,42,あなたと,/song/71027/,2008
V6,43,way of life,/song/59412/,2008
マキシマム ザ ホルモン,44,爪爪爪,/song/68550/,2008
マキシマム ザ ホルモン,44,「F」,/song/69268/,2008
アンジェラ・アキ,45,手紙 ～拝啓 十五の君へ～,/song/70553/,2008
倖田來未,46,MOON,,2008
Perfume,47,love the world,/song/68467/,2008
L’Arc～en～Ciel,48,NEXUS 4,,2008
L’Arc～en～Ciel,48,SHINE,,2008
SMAP,49,この瞬間、きっと夢じゃない,,2008
清水翔太,50,HOME,/song/60947/,2008
米寿司,51,No more,/song/65474/,2008
L’Arc～en～Ciel,52,DRINK IT DOWN,,2008
水森かおり,53,輪島朝市,/song/63505/,2008
ケツメイシ,54,出会いのかけら,/song/60767/,2008
天童よしみ,55,幸せはすぐそこに…,/song/62841/,2008
May'n / 中島愛,56,ライオン,/song/69942/,2008
木山裕策,57,home,/song/61260/,2008
GLAY,58,VERB,/song/67097/,2008
RADWIMPS,59,オーダーメイド,/song/60772/,2008
YUI,60,SUMMER SONG,/song/67447/,2008
YUI,61,Namidairo,/song/60663/,2008
山下達郎,63,ずっと一緒さ,/song/60985/,2008
テゴマス,64,アイアイ傘,/song/67430/,2008
秋川雅史,65,千の風になって,/song/50939/,2008
シェリル・ノーム starring May’n,66,ダイアモンド クレバス,,2008
シェリル・ノーム starring May’n,66,射手座☆午後九時Don’t be late,,2008
aiko,67,KissHug,/song/68618/,2008
ORANGE RANGE,68,O2,/song/65750/,2008
V6,69,LIGHT IN YOUR HEART,/song/70787/,2008
V6,69,Swing!,/song/70788/,2008
KOH+,70,最愛,,2008
V6,71,蝶,/song/66151/,2008
UVERworld,72,激動,/song/66432/,2008
UVERworld,72,Just break the limit!,/song/66433/,2008
東方神起,73,Beautiful you,/song/63897/,2008
東方神起,73,千年恋歌,/song/63898/,2008
244 ENDLI-x,74,Kurikaesu 春,/song/64150/,2008
矢島美容室,75,ニホンノミカタ -ネバダカラキマシタ-,,2008
坂本真綾,76,トライアングラー,/song/65252/,2008
氷川きよし,77,哀愁の湖,/song/71223/,2008
東方神起,78,どうして君を好きになってしまったんだろう?,,2008
VAMPS,79,LOVE ADDICT,/song/68162/,2008
Perfume,80,Dream Fighter,/song/73038/,2008
GLAY,81,紅と黒のMATADORA,/song/69932/,2008
GLAY,81,I LOVE YOUをさがしてる,/song/69933/,2008
いきものがかり,82,ブルーバード,/song/66961/,2008
ランカ・リー=中島愛,83,星間飛行,,2008
タッキー&翼,84,恋詩-コイウタ-,/song/66487/,2008
タッキー&翼,84,PROGRESS,/song/66488/,2008
ポルノグラフィティ,85,あなたがここにいたら,/song/61689/,2008
倖田來未,86,TABOO,/song/71502/,2008
T.M.Revolution,87,resonance,/song/66966/,2008
新垣結衣,88,Make my day,/song/68688/,2008
ZARD,89,グロリアス マインド,/song/59413/,2008
ZARD,90,翼を広げて,/song/64443/,2008
ZARD,90,愛は暗闇の中で,/song/11861/,2008
東方神起,91,呪文-MIROTIC-,/song/71756/,2008
ゆず,92,ストーリー,/song/61291/,2008
童子-T,93,もう一度… feat.BENI,/song/65510/,2008
aiko,94,二人,/song/62280/,2008
宇多田ヒカル,95,Prisoner Of Love,/song/63398/,2008
モモタロス・ウラタロス・キンタロス・リュウタロス・デネブ,96,Double-Action CLIMAX form,/song/99943/,2008
ポルノグラフィティ,97,ギフト,/song/69926/,2008
ポルノグラフィティ,98,痛い立ち位置,/song/67825/,2008
Spontania feat.JUJU,99,君のすべてに,/song/69725/,2008
水樹奈々,100,Trickster,/song/71361/,2008
嵐,1,Believe,/song/76760/,2009
矢野健太 starring Satoshi Ohno,1,曇りのち、快晴,/song/76759/,2009
嵐,2,明日の記憶,/song/80095/,2009
嵐,2,Crazy Moon～キミ・ハ・ムテキ～,/song/80094/,2009
嵐,3,マイガール,/song/86843/,2009
秋元順子,4,愛のままで…,/song/60710/,2009
嵐,5,Everything,/song/81311/,2009
B’z,6,イチブトゼンブ,,2009
B’z,6,DIVE,,2009
KAT-TUN,7,RESCUE,/song/77076/,2009
遊助,8,ひまわり,/song/76128/,2009
KAT-TUN,9,ONE DROP,/song/75826/,2009
関ジャニ∞,10,急☆上☆Show!!,/song/86509/,2009
NEWS,11,恋のABO,/song/79258/,2009
EXILE,12,FIREWORKS,/song/81836/,2009
中山優馬 w/B.I.Shadow,13,悪魔な恋,/song/81773/,2009
NYC boys,13,NYC,/song/81772/,2009
EXILE,14,Someday,/song/78716/,2009
EXILE,15,ふたつの唇,/song/86758/,2009
山下智久,16,Loveless,/song/87174/,2009
遊助,17,たんぽぽ,/song/80665/,2009
遊助,17,海賊船,/song/80664/,2009
遊助,17,其の拳,/song/80663/,2009
LANDS,18,BANDAGE,/song/87484/,2009
羞恥心,19,弱虫サンタ,/song/73780/,2009
B’z,20,MY LONELY TOWN,,2009
東方神起,21,Stand by U,/song/80883/,2009
AKB48,22,RIVER,/song/85647/,2009
KinKi Kids,23,約束,/song/75290/,2009
福山雅治,24,化身,/song/79840/,2009
氷川きよし,25,浪曲一代,/song/75163/,2009
浜崎あゆみ,26,Days,/song/73965/,2009
浜崎あゆみ,26,GREEN,/song/73964/,2009
氷川きよし,27,ときめきのルンバ,/song/83705/,2009
KinKi Kids,28,スワンソング,/song/86143/,2009
BUMP OF CHICKEN,29,R.I.P.,/song/87138/,2009
BUMP OF CHICKEN,29,Merry Christmas,/song/87137/,2009
東方神起,30,Share The World,/song/78768/,2009
東方神起,30,ウィーアー!,/song/78767/,2009
堂本光一,31,妖 ～あやかし～,/song/82206/,2009
JEJUNG & YUCHUN(from 東方神起),32,COLORS ～Melody and Harmony～,/song/85109/,2009
JEJUNG & YUCHUN(from 東方神起),32,Shelter,/song/85108/,2009
桜高軽音部,33,Don’t say “lazy”,,2009
YUI,34,again,/song/79563/,2009
桜高軽音部,35,Cagayake!GIRLS,/song/79050/,2009
ポルノグラフィティ,36,今宵、月が見えずとも,/song/73923/,2009
遊助,37,いちょう,/song/85884/,2009
AKB48,39,涙サプライズ!,,2009
GReeeeN,40,遥か,/song/80054/,2009
SMAP,41,そっと きゅっと,/song/83715/,2009
SMAP,41,スーパースター★,/song/83714/,2009
水森かおり,42,安芸の宮島,/song/77229/,2009
浜崎あゆみ,43,Rule,/song/75705/,2009
浜崎あゆみ,43,Sparkle,/song/76327/,2009
GReeeeN,44,歩み,/song/74955/,2009
安室奈美恵,45,WILD,/song/77566/,2009
安室奈美恵,45,Dr.,/song/77565/,2009
フレンズ&ヘキサゴンオールスターズ,46,泣いてもいいですか,/song/81928/,2009
AKB48,47,言い訳Maybe,/song/83344/,2009
The SHIGOTONIN,48,鏡花水月,/song/75658/,2009
東方神起,49,Bolero,/song/74980/,2009
東方神起,49,Kiss The Baby Sky,/song/74979/,2009
東方神起,49,忘れないで,/song/74978/,2009
浜崎あゆみ,50,Sunrise,,2009
浜崎あゆみ,50,Sunset ～LOVE is ALL～,/song/82827/,2009
YUI,51,It’s all too much,,2009
YUI,51,Never say die,/song/84827/,2009
樋口了一,52,手紙 ～親愛なる子供たちへ～,,2009
ヒルクライム,53,春夏秋冬,/song/83580/,2009
AKB48,54,10年桜,/song/76824/,2009
シド,55,嘘,/song/79253/,2009
コブクロ,56,虹,/song/78713/,2009
aiko,57,milk,/song/75768/,2009
aiko,57,嘆きのキス,/song/75767/,2009
GLAY,58,SAY YOUR DREAM,/song/76171/,2009
Perfume,59,ワンルーム・ディスコ,/song/77779/,2009
テゴマス,60,七夕祭り,/song/81527/,2009
倖田來未×misono,61,It’s all Love!,,2009
ゆず,62,逢いたい,/song/78200/,2009
Gackt,63,Journey through the Decade,/song/77860/,2009
GReeeeN,64,刹那,/song/76756/,2009
東方神起,65,Survivor,/song/77081/,2009
いきものがかり,66,YELL,/song/84214/,2009
いきものがかり,66,じょいふる,/song/84248/,2009
GLAY,68,I am xxx,/song/80048/,2009
コブクロ,69,STAY,/song/81761/,2009
加藤ミリヤ×清水翔太,70,Love Forever,/song/79345/,2009
アンジェラ・アキ,71,手紙 ～拝啓 十五の君へ～,/song/70553/,2009
supercell,72,君の知らない物語,/song/82447/,2009
桜高軽音部,73,ふわふわ時間,/song/79927/,2009
堂本剛,74,RAIN,,2009
V6,75,スピリット,/song/80852/,2009
平原綾香,76,ノクターン,/song/71995/,2009
平原綾香,76,カンパニュラの恋,/song/71994/,2009
UNICORN,77,WAO!,/song/74902/,2009
V6,78,GUILTY,/song/84009/,2009
椎名林檎,79,ありあまる富,/song/79644/,2009
滝沢秀明,80,愛・革命,/song/74584/,2009
桑田佳祐,81,君にサヨナラを,/song/88071/,2009
DREAMS COME TRUE feat.FUZZY CONTROL,82,その先へ,,2009
モーニング娘。,83,なんちゃって恋愛,/song/82602/,2009
UVERworld,84,GO-ON,/song/82193/,2009
flumpool,85,星に願いを,/song/75987/,2009
UVERworld,86,哀しみはきっと,/song/85881/,2009
平井堅,87,僕は君に恋をする,/song/85408/,2009
倖田來未,88,stay with me,/song/73251/,2009
ゆず,89,虹,/song/83756/,2009
ポルノグラフィティ,90,この胸を、愛を射よ,/song/84258/,2009
GReeeeN,91,キセキ,/song/65511/,2009
VAMPS,92,I GOTTA KICK START NOW,/song/77689/,2009
剛 紫,93,空 ～美しい我の空,/song/78573/,2009
ポルノグラフィティ,94,アニマロッサ,/song/87473/,2009
水樹奈々,95,深愛,/song/75063/,2009
秋元順子,96,黄昏Love again,/song/81006/,2009
Acid Black Cherry,97,眠り姫,/song/76052/,2009
ステレオポニー,98,泪のムコウ,/song/75126/,2009
水樹奈々,99,夢幻,/song/86162/,2009
FUNKY MONKEY BABYS,100,ヒーロー,/song/85740/,2009
FUNKY MONKEY BABYS,100,明日へ,/song/85739/,2009
AKB48,1,Beginner,/song/103616/,2010
AKB48,2,ヘビーローテーション,/song/100001/,2010
嵐,3,Troublemaker,/song/91329/,2010
嵐,4,Monster,/song/94835/,2010
AKB48,5,ポニーテールとシュシュ,/song/94677/,2010
嵐,6,果てない空,/song/104444/,2010
嵐,7,Love Rainbow,/song/100945/,2010
AKB48,8,チャンスの順番,/song/105923/,2010
嵐,9,Dear Snow,/song/102461/,2010
嵐,10,To be free,/song/97655/,2010
KAT-TUN,11,Love yourself-君が嫌いな君が好き-,,2010
AKB48,12,桜の栞,/song/90497/,2010
SMAP,13,This is love,/song/99065/,2010
坂本冬美,14,また君に恋してる,/song/74305/,2010
坂本冬美,14,アジアの海賊,/song/73992/,2010
関ジャニ∞,15,LIFE～目の前の向こうへ～,/song/100386/,2010
東方神起,16,BREAK OUT!,/song/89599/,2010
KAT-TUN,17,Going!,/song/94504/,2010
関ジャニ∞,18,Wonderful World!!,/song/97252/,2010
福山雅治,19,はつ恋,/song/88197/,2010
KAT-TUN,20,CHANGE UR WORLD,/song/104916/,2010
Hey!Say!JUMP,21,瞳のスクリーン,/song/90993/,2010
福山雅治,22,蛍,/song/99619/,2010
福山雅治,22,少年,/song/99618/,2010
EXILE,23,I Wish For You,/song/102471/,2010
氷川きよし,24,三味線旅がらす,/song/92245/,2010
NEWS,25,さくらガール,/song/92543/,2010
東方神起,26,時ヲ止メテ,/song/90313/,2010
EXILE,27,もっと強く,/song/101324/,2010
山下智久,29,One in a million,/song/98823/,2010
怪物くん(怪物太郎),30,ユカイツーカイ怪物くん,/song/97576/,2010
KinKi Kids,31,Family～ひとつになること,,2010
NEWS,32,Fighting Man,/song/104099/,2010
いきものがかり,33,ありがとう,/song/94247/,2010
オンナラブリー,34,Onaraはずかしくないよ,/song/90488/,2010
氷川きよし,35,虹色のバイヨン,/song/100304/,2010
BUMP OF CHICKEN,36,HAPPY,/song/93414/,2010
BUMP OF CHICKEN,37,魔法の料理 ～君から君へ～,/song/93807/,2010
Lia,38,"My Soul,Your Beats!",/song/95356/,2010
多田葵,38,Brave Song,/song/95355/,2010
放課後ティータイム,39,GO! GO! MANIAC,/song/94244/,2010
桑田佳祐,40,本当は怖い愛とロマンス,/song/99339/,2010
SKE48,41,1!2!3!4! ヨロシク!,,2010
コブクロ,42,流星,/song/104881/,2010
稲葉浩志,45,Okay,/song/97076/,2010
放課後ティータイム,47,"NO,Thank You!",/song/99068/,2010
チームドラゴン from AKB48,48,心の羽根,/song/98385/,2010
少女時代,49,Gee,/song/103255/,2010
放課後ティータイム,50,Listen!!,/song/94246/,2010
放課後ティータイム,51,Utauyo!!MIRACLE,/song/99070/,2010
BUMP OF CHICKEN,52,宇宙飛行士への手紙,/song/102433/,2010
BUMP OF CHICKEN,52,モーターサイクル,/song/102432/,2010
Perfume,53,VOICE,/song/99596/,2010
NYC,54,勇気100%,,2010
遊助,55,ライオン,/song/90960/,2010
浜崎あゆみ,56,You were...,/song/88603/,2010
浜崎あゆみ,56,BALLAD,/song/88604/,2010
水森かおり,57,松島紀行,/song/93074/,2010
少女時代,58,GENIE,/song/100969/,2010
YUI,59,GLORIA,/song/88633/,2010
NYC,60,よく遊びよく学べ,/song/103222/,2010
L’Arc～en～Ciel,61,BLESS,,2010
Perfume,62,不自然なガール,/song/93392/,2010
Perfume,62,ナチュラルに恋して,/song/93391/,2010
遊助,63,ミツバチ,/song/98752/,2010
Perfume,64,ねぇ,/song/104474/,2010
T.M.Revolution,65,Naked arms,/song/99607/,2010
T.M.Revolution,65,SWORD SUMMIT,/song/99606/,2010
浜崎あゆみ,66,crossroad,/song/101671/,2010
KARA,67,ミスター,/song/99759/,2010
UVERworld,68,クオリア,/song/101081/,2010
天童よしみ,69,人生みちづれ,/song/89872/,2010
浜崎あゆみ,70,MOON,/song/96806/,2010
浜崎あゆみ,70,blossom,/song/98122/,2010
浜崎あゆみ,71,L,,2010
西野カナ,72,会いたくて 会いたくて,/song/93717/,2010
水樹奈々,73,PHANTOM MINDS,/song/89070/,2010
SKE48,74,ごめんね、SUMMER,/song/96600/,2010
木村カエラ,75,Ring a Ding Dong,/song/96145/,2010
DOES,76,バクチ・ダンサー,/song/93225/,2010
KARA,77,ジャンピン,/song/103359/,2010
YUI,78,to Mother,/song/94352/,2010
西野カナ,79,if,/song/98467/,2010
安室奈美恵,80,Break It,/song/98754/,2010
安室奈美恵,80,Get Myself Back,/song/98753/,2010
五木ひろし,82,おしろい花,/song/89178/,2010
倖田來未,83,好きで、好きで、好きで。,/song/100778/,2010
倖田來未,83,あなただけが,/song/100777/,2010
Girls Dead Monster,84,Crow Song,/song/95367/,2010
シド,85,レイン,/song/92347/,2010
YUI,86,Rain,/song/103099/,2010
西野カナ,87,君って,/song/102696/,2010
三代目 J Soul Brothers,88,Best Friend’s Girl,,2010
GLAY,89,Precious,/song/100955/,2010
RADWIMPS,90,マニフェスト,/song/97097/,2010
ゆず,91,桜会(さくらえ),,2010
ゆず,91,マイライフ,/song/89943/,2010
RADWIMPS,92,携帯電話,/song/97099/,2010
aiko,93,戻れない明日,/song/89939/,2010
タッキー&翼,94,愛はタカラモノ,/song/105211/,2010
放課後ティータイム,95,ごはんはおかず,/song/100935/,2010
放課後ティータイム,95,U&I;,/song/100934/,2010
遊助,96,ひと,/song/104451/,2010
水樹奈々,97,Silent Bible,/song/90360/,2010
北島三郎,98,夫婦一生,/song/88372/,2010
SDN48,99,GAGAGA,/song/105345/,2010
西野カナ,100,Best Friend,/song/89603/,2010
AKB48,1,フライングゲット,/song/117976/,2011
AKB48,2,Everyday、カチューシャ,/song/113465/,2011
AKB48,3,風は吹いている,/song/121031/,2011
AKB48,4,上からマリコ,/song/122832/,2011
AKB48,5,桜の木になろう,/song/108763/,2011
嵐,6,Lotus,/song/109215/,2011
嵐,7,迷宮ラブソング,/song/121461/,2011
薫と友樹、たまにムック。,8,マル・マル・モリ・モリ!,,2011
SKE48,9,パレオはエメラルド,/song/116642/,2011
Kis-My-Ft2,10,Everybody Go,/song/117513/,2011
SKE48,11,オキドキ,/song/121498/,2011
NMB48,13,オーマイガー!,,2011
EXILE,14,Rising Sun,/song/117174/,2011
EXILE ATSUSHI,14,いつかきっと…,/song/117173/,2011
Hey!Say!JUMP,15,OVER,/song/115298/,2011
東方神起,16,Why?(Keep Your Head Down),/song/107878/,2011
SKE48,17,バンザイVenus,/song/108739/,2011
NMB48,18,絶滅黒髪少女,/song/116356/,2011
関ジャニ∞,19,T.W.L,/song/111870/,2011
関ジャニ∞,19,イエローパンジーストリート,/song/111869/,2011
福山雅治,20,家族になろうよ,/song/112355/,2011
福山雅治,20,fighting pose,/song/118503/,2011
Hey!Say!JUMP,21,Magic Power,/song/119345/,2011
Not yet,22,週末Not yet,/song/110258/,2011
赤西仁,23,Eternal,/song/109551/,2011
BUMP OF CHICKEN,24,ゼロ,/song/120686/,2011
KARA,25,GO GO サマー!,,2011
KARA,26,ジェットコースターラブ,/song/109410/,2011
板野友美,27,Dear J,/song/107880/,2011
B’z,28,Don’t Wanna Lie,,2011
チャン・グンソク,29,Let me cry,/song/112194/,2011
Sexy Zone,30,Sexy Zone,/song/122044/,2011
KAT-TUN,31,ULTIMATE WHEELS,/song/108221/,2011
KAT-TUN,32,BIRTH,/song/122738/,2011
前田敦子,33,Flower,/song/114832/,2011
Not yet,34,波乗りかき氷,/song/115580/,2011
Not yet,35,ペラペラペラオ,/song/121945/,2011
関ジャニ∞,36,マイホーム,/song/112746/,2011
Hey!Say!JUMP,38,「ありがとう」～世界のどこにいても～,/song/106288/,2011
関ジャニ∞,39,ツブサニコイ,/song/117638/,2011
関ジャニ∞,40,365日家族,/song/114193/,2011
東方神起,41,Superstar,/song/116303/,2011
氷川きよし,42,あの娘と野菊と渡し舟,/song/108227/,2011
KAT-TUN,43,RUN FOR YOU,/song/117106/,2011
B’z,44,さよなら傷だらけの日々よ,,2011
KAT-TUN,45,WHITE,/song/113105/,2011
少女時代,46,MR.TAXI,/song/112177/,2011
少女時代,46,Run Devil Run,/song/112176/,2011
KinKi Kids,47,Time,/song/114492/,2011
NYC,48,ユメタマゴ,/song/109941/,2011
フレンチ・キス,49,最初のメール,/song/122494/,2011
EXILE,50,あなたへ,/song/121536/,2011
EXILE ATSUSHI,50,Ooo Baby,/song/121535/,2011
フレンチ・キス,51,カッコ悪い I love you!,/song/112687/,2011
AKB48,52,ヘビーローテーション,/song/100001/,2011
桑田佳祐,53,Let’s try again ～kuwata keisuke ver.～,,2011
桑田佳祐,53,明日へのマーチ,/song/117555/,2011
桑田佳祐,53,ハダカ DE 音頭 ～祭りだ!! Naked～,/song/117553/,2011
東方神起,54,Winter Rose,/song/122212/,2011
東方神起,54,Duet,/song/119570/,2011
BUMP OF CHICKEN,55,Smile,/song/112653/,2011
L’Arc～en～Ciel,56,GOOD LUCK MY WAY,,2011
渡り廊下走り隊7,57,バレンタイン・キッス,/song/108214/,2011
Perfume,58,レーザービーム,/song/112972/,2011
Perfume,58,微かなカオリ,/song/112971/,2011
板野友美,59,ふいに,/song/115990/,2011
BUMP OF CHICKEN,60,友達の唄,/song/108464/,2011
RADWIMPS,61,DADA,/song/107229/,2011
ノースリーブス,62,唇 触れず…,/song/114298/,2011
EXILE,63,Each Other's Way ～旅の途中～,/song/108359/,2011
KARA,64,ウィンターマジック,/song/119699/,2011
氷川きよし,65,情熱のマリアッチ,/song/119174/,2011
SHINee,66,Replay-君は僕のeverything-,,2011
L’Arc～en～Ciel,67,X X X,,2011
堂本剛,68,縁を結いて,/song/111177/,2011
ノースリーブス,69,Answer,/song/109549/,2011
テゴマス,70,青いベンチ,/song/108825/,2011
植村花菜,71,トイレの神様,/song/89774/,2011
水森かおり,72,庄内平野 風の中,/song/113993/,2011
渡り廊下走り隊7,73,希望山脈,/song/122112/,2011
安室奈美恵,74,NAKED,/song/116716/,2011
安室奈美恵,74,Fight Together,/song/116715/,2011
安室奈美恵,74,Tempest,/song/116714/,2011
YUI,75,HELLO ～Paradise Kiss～,/song/112361/,2011
AKB48,76,チャンスの順番,/song/105923/,2011
aiko,77,ホーム,https://www.uta-net.com/,2011
aiko,77,恋のスーパーボール,/song/112197/,2011
aiko,77,ホーム,https://www.uta-net.com/,2011
フレンチ・キス,78,If,/song/107525/,2011
渡り廊下走り隊7,79,へたっぴウィンク,/song/116754/,2011
UVERworld,80,CORE PRIDE,/song/112056/,2011
三代目 J Soul Brothers,81,FIGHTERS,/song/118757/,2011
Perfume,82,スパイス,/song/121341/,2011
山下智久,83,はだかんぼー,/song/107500/,2011
2PM,84,Ultra Lover,/song/120795/,2011
SUPER JUNIOR,85,Mr.Simple,,2011
堂本剛,86,Nijiの詩,/song/118860/,2011
YUI,87,It’s My Life,,2011
YUI,87,Your Heaven,/song/105936/,2011
DiVA,88,月の裏側,/song/113095/,2011
水樹奈々,89,SCARLET KNIGHT,/song/110782/,2011
RADWIMPS,90,狭心症,/song/108521/,2011
2PM,91,I’m your man,,2011
AKB48,92,Beginner,/song/103616/,2011
ClariS,93,コネクト,/song/106990/,2011
V6,94,Sexy.Honey.Bunny!,/song/118162/,2011
V6,94,タカラノイシ,/song/118161/,2011
SDN48,95,MIN・MIN・MIN,/song/117899/,2011
CNBLUE,96,In My Head,/song/120247/,2011
T-ARA,97,Bo Peep Bo Peep,/song/119604/,2011
コブクロ,98,Blue Bird,/song/108757/,2011
安室奈美恵,99,Sit! Stay! Wait! Down!,/song/122114/,2011
安室奈美恵,99,Love Story,/song/122113/,2011
AKB48,100,ポニーテールとシュシュ,/song/94677/,2011
AKB48,1,真夏のSounds good !,/song/129970/,2012
AKB48,2,GIVE ME FIVE!,/song/125628/,2012
AKB48,3,ギンガムチェック,/song/134458/,2012
AKB48,4,UZA,/song/137195/,2012
AKB48,5,永遠プレッシャー,/song/139026/,2012
嵐,6,ワイルド アット ハート,/song/126631/,2012
嵐,7,Face Down,/song/129372/,2012
SKE48,8,片想いFinally,/song/124159/,2012
SKE48,9,キスだって左利き,/song/135414/,2012
SKE48,10,アイシテラブル!,,2012
嵐,11,Your Eyes,/song/130625/,2012
NMB48,12,ナギイチ,/song/129419/,2012
NMB48,13,ヴァージニティー,/song/133605/,2012
NMB48,14,純情U-19,/song/125296/,2012
エイトレンジャー,15,ER,/song/132924/,2012
Kis-My-Ft2,16,WANNA BEEEE!!!,/song/133599/,2012
Kis-My-Ft2,16,Shake It Up,/song/133598/,2012
NMB48,17,北川謙二,/song/137469/,2012
Kis-My-Ft2,18,We never give up!,/song/123416/,2012
関ジャニ∞,19,愛でした。,/song/130813/,2012
NEWS,20,チャンカパーナ,/song/132540/,2012
Kis-My-Ft2,21,アイノビート,/song/137911/,2012
Hey!Say!JUMP,22,SUPER DELICATE,/song/125910/,2012
Mr.Children,23,祈り ～涙の軌道,/song/128499/,2012
Mr.Children,23,End of the day,/song/128498/,2012
Mr.Children,23,pieces,/song/128497/,2012
EXILE,24,ALL NIGHT LONG,/song/130005/,2012
Kis-My-Ft2,25,SHE!HER!HER!,,2012
乃木坂46,26,走れ!Bicycle,,2012
関ジャニ∞,27,あおっぱな,/song/134562/,2012
乃木坂46,28,おいでシャンプー,/song/128308/,2012
乃木坂46,29,ぐるぐるカーテン,/song/125359/,2012
EXILE TRIBE,30,24karats TRIBE OF GOLD,/song/134017/,2012
キム・ヒョンジュン,31,HEAT,/song/146010/,2012
BUMP OF CHICKEN,32,グッドラック,/song/124364/,2012
SMAP,33,Moment,/song/133038/,2012
B’z,34,"GO FOR IT,BABY -キオクの山脈-",,2012
SUPER JUNIOR,35,Opera,/song/129378/,2012
The MONSTERS,36,MONSTERS,/song/138534/,2012
SMAP,37,さかさまの空,/song/128330/,2012
福山雅治,38,生きてる生きてく,/song/127513/,2012
KAT-TUN,39,不滅のスクラム,/song/135148/,2012
東方神起,40,ANDROID,/song/132225/,2012
福山雅治,41,Beautiful life,/song/136107/,2012
福山雅治,41,GAME,/song/136106/,2012
Not yet,42,西瓜BABY,/song/130335/,2012
前田敦子,43,君は僕だ,/song/131180/,2012
KAT-TUN,44,TO THE LIMIT,/song/131606/,2012
山下智久,45,愛、テキサス,/song/126221/,2012
SMAP,46,僕の半分,/song/123564/,2012
2PM,47,Beautiful,/song/129680/,2012
東方神起,48,STILL,/song/127032/,2012
KARA,49,スピード アップ,/song/126532/,2012
KARA,49,ガールズ パワー,/song/126531/,2012
渡辺麻友,50,シンクロときめき,/song/125673/,2012
指原莉乃,51,それでも好きだよ,/song/127543/,2012
2PM,52,マスカレード～Masquerade～,,2012
氷川きよし,53,櫻,/song/125353/,2012
KinKi Kids,54,変わったかたちの石,/song/124085/,2012
Sexy Zone,55,Lady ダイヤモンド,/song/128087/,2012
山下智久,57,LOVE CHASE,/song/131747/,2012
少女時代,58,PAPARAZZI,/song/131433/,2012
SUPER JUNIOR,59,"Sexy,Free & Single",,2012
水森かおり,60,ひとり長良川,/song/127815/,2012
キム・ヒョンジュン,61,KISS KISS,,2012
キム・ヒョンジュン,61,Lucky Guy,,2012
THE SECOND from EXILE,62,THINK ’BOUT IT!,,2012
EXILE,63,BOW & ARROWS,/song/132623/,2012
ノースリーブス,64,ペディキュアday,/song/123888/,2012
Perfume,65,Spring of Life,/song/128304/,2012
NYC,66,ハイナ!,,2012
赤西仁,67,SEASONS,,2012
Sexy Zone,68,Sexy Summerに雪が降る,/song/136095/,2012
渡辺麻友,69,ヒカルものたち,/song/137625/,2012
モーニング娘。,70,One・Two・Three,/song/131887/,2012
モーニング娘。,70,The 摩天楼ショー,/song/131886/,2012
SHINee,71,Dazzling Girl,/song/136386/,2012
NYC,72,ワンダフル キューピット,/song/124032/,2012
中山優馬,72,がらすの・魔法・,/song/124031/,2012
渡辺麻友,73,大人ジェリービーンズ,/song/132305/,2012
BUMP OF CHICKEN,74,firefly,/song/135150/,2012
AKB48,75,上からマリコ,/song/122832/,2012
ももいろクローバーZ,76,Z女戦争,/song/130824/,2012
三代目 J Soul Brothers,77,Powder Snow ～永遠に終わらない冬～,/song/137080/,2012
Perfume,78,Spending all my time,/song/133994/,2012
水樹奈々,79,BRIGHT STREAM,/song/133228/,2012
HALLOWEEN JUNKY ORCHESTRA,80,HALLOWEEN PARTY,/song/136866/,2012
フレンチ・キス,81,ロマンス・プライバシー,/song/132544/,2012
L’Arc～en～Ciel,82,CHASE,,2012
氷川きよし,83,最後と決めた女だから,/song/134968/,2012
ももいろクローバーZ,84,サラバ、愛しき悲しみたちよ,/song/138312/,2012
板野友美,85,10年後の君へ,/song/128709/,2012
SUPER☆GiRLS,86,プリプリ■SUMMERキッス,,2012
EXILE ATSUSHI,87,MELROSE ～愛さない約束～,/song/138777/,2012
SDN48,88,負け惜しみコングラチュレーション,/song/126674/,2012
モーニング娘。,89,ワクテカ Take a chance,/song/136220/,2012
GENERATIONS,90,BRAVE IT OUT,/song/138112/,2012
LiSA,91,crossing field,/song/133622/,2012
少女時代,92,Oh!,/song/135325/,2012
指原莉乃 with アンリレ,93,意気地なしマスカレード,/song/136449/,2012
安室奈美恵,94,Sit! Stay! Wait! Down!,/song/122114/,2012
安室奈美恵,94,Love Story,/song/122113/,2012
ももいろクローバーZ,95,猛烈宇宙交響曲・第七楽章「無限の愛」,/song/126641/,2012
ONE OK ROCK,96,The Beginning,/song/133897/,2012
五木ひろし,97,夜明けのブルース,/song/128832/,2012
渡り廊下走り隊7,98,少年よ 嘘をつけ!,,2012
ACE OF SPADES,99,WILD TRIBE,/song/132194/,2012
UVERworld,100,THE OVER,/song/133667/,2012
AKB48,1,さよならクロール,/song/146280/,2013
AKB48,2,恋するフォーチュンクッキー ,,2013
AKB48,3,ハート・エレキ,/song/154283/,2013
AKB48,4,So long !,,2013
EXILE,5,EXILE PRIDE ～こんな世界を愛するため～,/song/144053/,2013
SKE48,7,チョコの奴隷,/song/141072/,2013
SKE48,8,美しい稲妻,/song/149431/,2013
NMB48,9,僕らのユリイカ,/song/147813/,2013
嵐,10,Endless Game,/song/147138/,2013
SKE48,11,賛成カワイイ!,,2013
NMB48,12,カモネギックス,/song/153010/,2013
乃木坂46,13,ガールズルール,/song/148420/,2013
乃木坂46,14,バレッタ,/song/155753/,2013
SMAP,15,Joy!!,/song/146375/,2013
Kis-My-Ft2,16,My Resistance -タシカナモノ-,/song/141336/,2013
Kis-My-Ft2,16,運命Girl,/song/141335/,2013
サザンオールスターズ,17,ピースとハイライト,/song/150317/,2013
関ジャニ∞,18,へそ曲がり,/song/145341/,2013
関ジャニ∞,18,ここにしかない景色,/song/145340/,2013
Kis-My-Ft2,19,キミとのキセキ,/song/150769/,2013
Kis-My-Ft2,20,SNOW DOMEの約束,/song/154719/,2013
Kis-My-Ft2,20,Luv Sick,/song/154718/,2013
乃木坂46,21,制服のマネキン,/song/139349/,2013
乃木坂46,22,君の名は希望,/song/143045/,2013
HKT48,23,メロンジュース,/song/151534/,2013
HKT48,24,スキ!スキ!スキップ!,,2013
EXILE TRIBE(三代目 J Soul Brothers VS GENERATIONS),25,BURNING UP,,2013
関ジャニ∞,26,涙の答え,/song/147683/,2013
Kis-My-Ft2,27,S.O.S(Smile On Smile),,2013
Kis-My-Ft2,27,キ・ス・ウ・マ・イ ～KISS YOUR MIND～,/song/144006/,2013
Hey!Say!JUMP,28,Come On A My House,/song/148719/,2013
SMAP,29,Mistake!,/song/142391/,2013
SMAP,29,Battery,/song/142390/,2013
山田涼介,31,ミステリー ヴァージン,/song/140145/,2013
KinKi Kids,32,まだ涙にならない悲しみが,/song/154074/,2013
KinKi Kids,32,恋は匂へと散りぬるを,/song/154073/,2013
関ジャニ∞,33,ココロ空モヨウ,/song/156234/,2013
ゴールデンボンバー,34,Dance My Generation,/song/139502/,2013
T.M.Revolution×水樹奈々,35,Preserved Roses,/song/145087/,2013
KAT-TUN,36,EXPOSE,/song/141464/,2013
Sexy Zone,37,Real Sexy!,/song/145887/,2013
Sexy Zone,37,BAD BOYS,/song/145886/,2013
Sexy Zone,38,バィバィDuバィ～See you again～,,2013
Sexy Zone,38,A MY GIRL FRIEND,/song/153310/,2013
天野春子(小泉今日子),39,潮騒のメモリー,/song/150206/,2013
東方神起,40,OCEAN,/song/147955/,2013
モーニング娘。,41,わがまま 気のまま 愛のジョーク,/song/151570/,2013
モーニング娘。,41,愛の軍団,/song/151569/,2013
東方神起,42,Catch Me -If you wanna-,/song/140613/,2013
福山雅治,43,誕生日には真白な百合を,/song/141382/,2013
福山雅治,43,Get the groove,/song/144971/,2013
2PM,44,GIVE ME LOVE,/song/145200/,2013
KAT-TUN,45,FACE to Face,/song/146364/,2013
NEWS,46,ポコポンペコーリャ,/song/139484/,2013
NEWS,46,WORLD QUEST,/song/139485/,2013
東方神起,47,SCREAM,/song/151835/,2013
AKB48,48,永遠プレッシャー,/song/139026/,2013
山下智久,49,SUMMER NUDE ’13,,2013
Not yet,50,ヒリヒリの花,/song/152787/,2013
柏木由紀,51,ショートケーキ,/song/141504/,2013
赤西仁,52,HEY WHAT’S UP?,,2013
EXILE,53,Flower Song,/song/147693/,2013
2PM,54,Winter Games,/song/153686/,2013
SEKAI NO OWARI,55,RPG,/song/145480/,2013
SHINee,55,Boys Meet U,/song/150638/,2013
東方神起,57,Very Merry Xmas,/song/155789/,2013
キム・ヒョンジュン,58,TONIGHT,/song/147452/,2013
水樹奈々×T.M.Revolution,59,革命デュアリズム,/song/154086/,2013
山下智久,60,怪・セラ・セラ,/song/143519/,2013
三代目 J Soul Brothers from EXILE TRIBE,61,SO RIGHT,/song/156207/,2013
GENERATIONS from EXILE TRIBE,62,HOT SHOT,/song/153016/,2013
堂本剛,63,瞬き,/song/152296/,2013
EXILE TAKAHIRO,64,一千一秒,/song/147025/,2013
テゴマス,65,猫中毒,/song/146826/,2013
モーニング娘。,66,ブレインストーミング,/song/145186/,2013
モーニング娘。,66,君さえ居れば何も要らない,/song/145185/,2013
超新星,67,WINNER,/song/150610/,2013
モーニング娘。,68,Help me!!,/song/140619/,2013
高橋みなみ,69,Jane Doe,/song/144440/,2013
桑田佳祐,70,Yin Yang,,2013
桑田佳祐,70,涙をぶっとばせ!!,/song/143160/,2013
桑田佳祐,70,おいしい秘密,/song/143159/,2013
福田こうへい,71,南部蝉しぐれ,/song/137140/,2013
堀田家BAND,72,サヨナラ☆ありがとう,/song/154792/,2013
E-girls,73,ごめんなさいのKissing You,/song/152810/,2013
THE SECOND from EXILE,74,SURVIVORS feat.DJ MAKIDAI from EXILE,,2013
THE SECOND from EXILE,74,プライド,/song/150455/,2013
EXILE,75,No Limit,/song/151773/,2013
花は咲くプロジェクト,76,花は咲く,/song/127861/,2013
Perfume,77,未来のミュージアム,/song/142389/,2013
GENERATIONS from EXILE TRIBE,78,Love You More,/song/145982/,2013
ももいろクローバーZ,79,GOUNN,/song/154663/,2013
UVERworld,80,Fight For Liberty,/song/150787/,2013
UVERworld,80,Wizard CLUB,/song/150786/,2013
SUPER☆GiRLS,81,常夏ハイタッチ,/song/147748/,2013
GENERATIONS from EXILE TRIBE,82,ANIMAL,/song/140865/,2013
氷川きよし,83,しぐれの港,/song/141648/,2013
水樹奈々,84,Vitalization,/song/150148/,2013
渡辺麻友,85,ラッパ練習中,/song/148689/,2013
Acid Black Cherry,86,Greed Greed Greed,/song/150313/,2013
三代目 J Soul Brothers from EXILE TRIBE,87,冬物語,/song/153871/,2013
三代目 J Soul Brothers from EXILE TRIBE,88,SPARK,/song/144929/,2013
前田敦子,89,タイムマシンなんていらない,/song/152085/,2013
KARA,90,バイバイ ハッピーデイズ!,,2013
テゴマス,91,サヨナラにさよなら,/song/143018/,2013
Perfume,92,Magic of Love,/song/146565/,2013
ノースリーブス,93,キリギリス人,/song/140000/,2013
ST☆RISH,94,マジLOVE2000%,/song/145646/,2013
SUPER JUNIOR-K.R.Y.,95,Promise You,/song/143408/,2013
柏木由紀,96,Birthday wedding,/song/153760/,2013
KARA,97,サンキュー サマーラブ,/song/149631/,2013
氷川きよし,98,満天の瞳,,2013
コブクロ,99,One Song From Two Hearts,/song/149714/,2013
コブクロ,99,ダイヤモンド,/song/149713/,2013
e-girls,100,クルクル,/song/155241/,2013
AKB48,1,ラブラドール・レトリバー,/song/163977/,2014
AKB48,2,希望的リフレイン,/song/174604/,2014
AKB48,3,前しか向かねえ,/song/160076/,2014
AKB48,4,鈴懸の木の道で「君の微笑みを夢に見る」と言ってしまったら僕たちの関係はどう変わってしまうのか、僕なりに何日か考えた上でのやや気恥ずかしい結論のようなもの,/song/156547/,2014
AKB48,5,心のプラカード,/song/168813/,2014
嵐,6,GUTS!,/song/163264/,2014
嵐,7,Bittersweet,/song/159255/,2014
乃木坂46,8,何度目の青空か?,,2014
EXILE TRIBE,9,THE REVOLUTION,/song/168787/,2014
乃木坂46,10,気づいたら片想い,/song/161733/,2014
乃木坂46,11,夏のFree&Easy;,,2014
嵐,12,誰も知らない,/song/164600/,2014
SKE48,13,未来とは?,,2014
SKE48,14,不器用太陽,/song/167717/,2014
NMB48,15,高嶺の林檎,/song/161655/,2014
NMB48,16,らしくない,/song/173291/,2014
関ジャニ∞,17,キング オブ 男!,,2014
Sexy Zone,18,君にHITOMEBORE,/song/174111/,2014
HKT48,19,桜、みんなで食べた,/song/160678/,2014
関ジャニ∞,20,言ったじゃないか,/song/171982/,2014
関ジャニ∞,20,CloveR,/song/171981/,2014
HKT48,21,控えめI love you!,,2014
ジャニーズWEST,22,ええじゃないか,/song/162989/,2014
Kis-My-Ft2,23,Another Future,/song/168164/,2014
関ジャニ∞,24,ひびき,/song/157941/,2014
SMAP,25,シャレオツ,/song/156784/,2014
SMAP,25,ハロー,/song/156783/,2014
Kis-My-Ft2,26,光のシグナル,/song/160532/,2014
エイトレンジャー,27,ER2,/song/167283/,2014
Hey!Say!JUMP,28,AinoArika,/song/158972/,2014
Hey!Say!JUMP,28,愛すればもっとハッピーライフ,/song/158971/,2014
Hey!Say!JUMP,29,ウィークエンダー,/song/169543/,2014
Hey!Say!JUMP,29,明日へのYELL,/song/169542/,2014
三代目 J Soul Brothers from EXILE TRIBE,30,R.Y.U.S.E.I.,/song/165885/,2014
関ジャニ∞,31,オモイダマ,/song/166539/,2014
舞祭組,32,棚からぼたもち,/song/156169/,2014
関ジャニ∞,33,がむしゃら行進曲,/song/175601/,2014
NEWS,34,ONE -for the win-,/song/165324/,2014
Hey!Say!JUMP,35,Ride With Me,/song/157479/,2014
ゴールデンボンバー,36,101回目の呪い,/song/158234/,2014
EXILE,37,NEW HORIZON,/song/167348/,2014
Sexy Zone,38,King&Queen;&Joker;,,2014
SMAP,39,Yes we are,/song/162349/,2014
SMAP,39,ココカラ,/song/162348/,2014
KinKi Kids,40,鍵のない箱,/song/173951/,2014
SMAP,41,Top Of The World,/song/167047/,2014
SMAP,41,Amazing Discovery,/song/167046/,2014
モーニング娘。'14,42,笑顔の君は太陽さ,/song/158595/,2014
モーニング娘。'14,42,君の代わりは居やしない,/song/158594/,2014
モーニング娘。'14,42,What is LOVE?,/song/158593/,2014
KAT-TUN,43,In Fact,/song/164959/,2014
Mr.Children,44,足音 ～Be Strong,/song/173966/,2014
三代目 J Soul Brothers from EXILE TRIBE,45,C.O.S.M.O.S.～秋桜～,,2014
Sexy Zone,46,男 never give up,/song/171207/,2014
モーニング娘。'14,47,TIKI BUN,/song/171729/,2014
モーニング娘。'14,47,見返り美人,/song/171727/,2014
東方神起,48,Sweat,/song/165345/,2014
東方神起,48,Answer,/song/165344/,2014
SEKAI NO OWARI,49,スノーマジックファンタジー,/song/158344/,2014
キング・クリームソーダ,50,ゲラゲラポーのうた,/song/163310/,2014
サザンオールスターズ,51,東京VICTORY,/song/169169/,2014
モーニング娘。'14,52,時空を超え 宇宙を超え,/song/162607/,2014
モーニング娘。'14,52,Password is 0,/song/162606/,2014
ジャニーズWEST,53,ジパング・おおきに大作戦,/song/171592/,2014
ジャニーズWEST,53,夢を抱きしめて,/song/171591/,2014
舞祭組,54,てぃーてぃーてぃーてれって てれてぃてぃてぃ ～だれのケツ～,/song/167261/,2014
三代目 J Soul Brothers from EXILE TRIBE,55,S.A.K.U.R.A.,/song/161604/,2014
東方神起,56,Hide & Seek,/song/158976/,2014
東方神起,56,Something,/song/158975/,2014
SEKAI NO OWARI,57,Dragon Night,/song/171944/,2014
福田こうへい,58,南部蝉しぐれ,/song/137140/,2014
東方神起,59,Time Works Wonders,/song/173285/,2014
SEKAI NO OWARI,60,炎と森のカーニバル,/song/162361/,2014
2PM,61,ミダレテミナ,/song/170149/,2014
V6,62,Sky’s The Limit,,2014
福田こうへい,63,峠越え,/song/161950/,2014
μ’s,64,それは僕たちの奇跡,,2014
μ’s,65,タカラモノズ,,2014
μ’s,65,Paradise Live,,2014
乃木坂46,66,バレッタ,/song/155753/,2014
GENERATIONS from EXILE TRIBE,67,NEVER LET YOU GO,/song/162523/,2014
氷川きよし,68,大利根ながれ月,/song/158734/,2014
キング・クリームソーダ,69,祭り囃子でゲラゲラポー,/song/173148/,2014
キング・クリームソーダ,69,初恋峠でゲラゲラポー,/song/173147/,2014
Perfume,70,Cling Cling,/song/166965/,2014
Dream5+ブリー隊長,71,ダン・ダン ドゥビ・ズバー!,,2014
ももいろクローバーZ,72,泣いてもいいんだよ,/song/163588/,2014
キム・ヒョンジュン,73,HOT SUN,/song/165967/,2014
ONE OK ROCK,74,Mighty Long Fall,/song/167565/,2014
ONE OK ROCK,74,Decision,/song/167564/,2014
氷川きよし,75,ちょいときまぐれ渡り鳥,/song/169807/,2014
Berryz工房,76,ロマンスを語って,/song/173423/,2014
Berryz工房,76,永久の歌,/song/173422/,2014
Acid Black Cherry,77,INCUBUS,/song/172213/,2014
SUPER JUNIOR,78,Blue World,/song/156676/,2014
E-girls,79,Diamond Only,/song/159915/,2014
Acid Black Cherry,80,君がいない、あの日から…,/song/160896/,2014
SKE48,81,賛成カワイイ!,,2014
E-girls,82,Highschool love,/song/169143/,2014
V6,83,涙のアトが消える頃,/song/168806/,2014
UVERworld,84,ナノ・セカンド,/song/157175/,2014
ゴールデンボンバー,85,ローラの傷だらけ,/song/168910/,2014
EXILE TAKAHIRO,86,Love Story,/song/160079/,2014
AKB48,87,恋するフォーチュンクッキー ,,2014
関ジャニ∞,88,ココロ空モヨウ,/song/156234/,2014
℃-ute,89,心の叫びを歌にしてみた,/song/160585/,2014
℃-ute,89,Love take it all,/song/160584/,2014
安室奈美恵,90,TSUKI,/song/157749/,2014
水森かおり,91,島根恋旅,/song/162358/,2014
EXILE SHOKICHI,92,BACK TO THE FUTURE,/song/165001/,2014
ももいろクローバーZ,93,MOON PRIDE,/song/167554/,2014
μ’s,94,Dancing stars on me!,,2014
星空凛(飯田里穂)・西木野真姫(Pile)・小泉花陽(久保ユリカ)・絢瀬絵里(南條愛乃)・東條希(楠田亜衣奈)・矢澤にこ(徳井青空),94,Love wing bell,/song/165343/,2014
μ's,95,どんなときもずっと,/song/163671/,2014
島倉千代子,96,からたちの小径,/song/156785/,2014
μ’s,97,「KiRa-KiRa Sensation!」,,2014
μ’s,97,「Happy maker!」,,2014
私立恵比寿中学,98,ハイタテキ!,,2014
℃-ute,99,I miss you,/song/174147/,2014
℃-ute,99,THE FUTURE,/song/174146/,2014
E-girls,100,E.G.Anthem -WE ARE VENUS-,,2014
AKB48,1,僕たちは戦わない,/song/186185/,2015
AKB48,2,ハロウィン・ナイト,/song/192807/,2015
AKB48,3,Green Flash,/song/180733/,2015
AKB48,4,唇にBe My Baby,/song/198806/,2015
SKE48,5,コケティッシュ渋滞中,/song/183085/,2015
乃木坂46,6,今、話したい誰かがいる,/song/196367/,2015
乃木坂46,7,太陽ノック,/song/190383/,2015
乃木坂46,8,命は美しい,/song/182275/,2015
嵐,9,青空の下、キミのとなり,/song/185797/,2015
NMB48,10,Don’t look back!,,2015
嵐,11,Sakura,/song/180964/,2015
嵐,12,愛を叫べ,/song/193557/,2015
Kis-My-Ft2,13,Thank youじゃん!,,2015
SKE48,14,前のめり,/song/192028/,2015
三代目 J Soul Brothers from EXILE TRIBE,15,starting over,/song/184061/,2015
SKE48,16,12月のカンガルー,/song/176168/,2015
NMB48,17,ドリアン少年,/song/189824/,2015
NMB48,18,Must be now,/song/194686/,2015
Kis-My-Ft2,19,Kiss魂,/song/182792/,2015
HKT48,20,12秒,/song/184455/,2015
関ジャニ∞,21,前向きスクリーム!,,2015
HKT48 feat.氣志團,22,しぇからしか!,,2015
三代目 J Soul Brothers from EXILE TRIBE,23,O.R.I.O.N.,/song/175204/,2015
三代目 J Soul Brothers from EXILE TRIBE,24,Summer Madness,,2015
Hey!Say!JUMP,25,キミアトラクション,/song/195997/,2015
ラブ・クレッシェンド,26,コップの中の木漏れ日,/song/198249/,2015
Kis-My-Ft2,27,AAO,/song/195422/,2015
BUMP OF CHICKEN,28,"Hello,world!",/song/184429/,2015
BUMP OF CHICKEN,28,コロニー,/song/184428/,2015
Kis-My-Ft2,29,最後もやっぱり君,/song/197230/,2015
KAT-TUN,30,Dead or Alive,/song/178459/,2015
三代目 J Soul Brothers from EXILE TRIBE,31,Unfair World,/song/192689/,2015
B’z,32,RED,,2015
福山雅治,33,I am a HERO,/song/192519/,2015
EXO,34,Love Me Right ～romantic universe～,/song/196559/,2015
SMAP,35,華麗なる逆襲,/song/180320/,2015
SMAP,35,ユーモアしちゃうよ,/song/180319/,2015
関ジャニ∞,36,強く 強く 強く,/song/187374/,2015
B’z,37,有頂天,,2015
Hey!Say!JUMP,38,Chau#,/song/185489/,2015
Hey!Say!JUMP,38,我 I Need You,/song/185488/,2015
KinKi Kids,39,夢を見れば傷つくこともある,/song/197823/,2015
SMAP,40,Otherside,/song/193666/,2015
SMAP,40,愛が止まるまでは,/song/193665/,2015
KAT-TUN,41,KISS KISS KISS,/song/181863/,2015
東方神起,42,サクラミチ,/song/180556/,2015
GENERATIONS from EXILE TRIBE,43,ALL FOR YOU,/song/193788/,2015
関ジャニ∞,44,侍唄(さむらいソング),/song/198646/,2015
NEWS,45,KAGUYA,/song/177480/,2015
JYJ,46,WAKE ME TONIGHT,/song/181029/,2015
舞祭組,47,やっちゃった!!,,2015
モーニング娘。'15,48,Oh my wish!,/song/192218/,2015
モーニング娘。'15,48,スカッとMy Heart,/song/192217/,2015
モーニング娘。'15,48,今すぐ飛び込む勇気,/song/192216/,2015
仮面女子,49,元気種☆,/song/177445/,2015
2PM,50,HIGHER,/song/196011/,2015
三代目 J Soul Brothers from EXILE TRIBE,51,STORM RIDERS feat.SLASH,/song/184063/,2015
NEWS,52,チュムチュム,/song/188750/,2015
SHINee,53,Your Number,/song/181745/,2015
Sexy Zone,54,Cha-Cha-Cha チャンピオン,,2015
μ's,55,Angelic Angel,/song/189313/,2015
星空凛(飯田里穂)・西木野真姫(Pile)・小泉花陽(久保ユリカ),55,"Hello,星を数えて",/song/189312/,2015
EXILE,56,Ki・mi・ni・mu・chu,/song/198876/,2015
μ's,57,SUNNY DAY SONG,/song/189764/,2015
絢瀬絵里(南條愛乃)・東條希(楠田亜衣奈)・矢澤にこ(徳井青空),57,？←HEARTBEAT,/song/189763/,2015
μ's,58,僕たちはひとつの光,/song/190197/,2015
高坂穂乃果(新田恵海)・南ことり(内田彩)・園田海未(三森すずこ),58,Future style,/song/190196/,2015
渋谷すばる,59,記憶,/song/180046/,2015
渋谷すばる,59,ココロオドレバ,/song/180045/,2015
ジャニーズWEST,60,バリ ハピ,/song/191040/,2015
2PM,61,Guilty Love,/song/178654/,2015
ジャニーズWEST,62,ズンドコ パラダイス,/song/179506/,2015
モーニング娘。'15,63,青春小僧が泣いている,/song/183912/,2015
モーニング娘。'15,63,夕暮れは雨上がり,/song/183911/,2015
モーニング娘。'15,63,イマココカラ,/song/181872/,2015
V6,64,Timeless,/song/185345/,2015
EXILE,65,24karats GOLD SOUL,/song/191361/,2015
SEKAI NO OWARI,66,ANTI-HERO,/song/191042/,2015
防弾少年団,67,I NEED U(Japanese Ver.),,2015
"BiBi～絢瀬絵里(南條愛乃),西木野真姫(Pile),矢澤にこ(徳井青空)from μ’s～",68,冬がくれた予感,,2015
μ’s,69,HEART to HEART!,,2015
UNISON SQUARE GARDEN,71,シュガーソングとビターステップ,/song/186190/,2015
SEKAI NO OWARI,72,SOS,/song/194596/,2015
SEKAI NO OWARI,72,プレゼント,/song/194595/,2015
SUPER☆GiRLS,73,イッチャって♪ ヤッチャって♪,/song/192494/,2015
CROSS GENE,74,sHi-tai!,,2015
CROSS GENE,74,Love & Peace,/song/195168/,2015
A.B.C-Z,75,Moonlight walker,/song/194727/,2015
星野源,76,SUN,/song/186593/,2015
ももいろクローバーZ,77,青春賦,/song/181196/,2015
GENERATIONS from EXILE TRIBE,78,Hard Knock Days,/song/191453/,2015
Perfume,79,STAR TRAIN,/song/196485/,2015
私立恵比寿中学,81,スーパーヒーロー,/song/195998/,2015
三山ひろし,82,お岩木山,/song/179447/,2015
防弾少年団,83,FOR YOU,,2015
ももいろクローバーZ vs KISS,84,夢の浮世に咲いてみな,/song/178714/,2015
EXILE,85,情熱の花,/song/181053/,2015
℃-ute,87,嵐を起こすんだ Exciting Fight!,,2015
℃-ute,87,ありがとう～無限のエール～,/song/196348/,2015
Perfume,88,Relax In The City,/song/185085/,2015
Perfume,88,Pick Me Up,/song/185084/,2015
山内惠介,89,スポットライト,/song/180151/,2015
B1A4,90,白いキセキ,/song/178429/,2015
氷川きよし,91,男花(シングルバージョン),,2015
氷川きよし,91,愛しのテキーロ,/song/194760/,2015
SUPER JUNIOR,92,MAMACITA -AYAYA-,,2015
UVERworld,93,僕の言葉ではない これは僕達の言葉,/song/186856/,2015
春日未来(山崎はるか)・最上静香(田所あずさ)・伊吹翼(Machico),94,Dreaming!,/song/194742/,2015
CINDERELLA PROJECT,95,Star!!,/song/181076/,2015
Aqours,96,君のこころは輝いてるかい?,,2015
℃-ute,97,The Middle Management～女性中間管理職～,,2015
℃-ute,97,我武者LIFE,/song/183345/,2015
℃-ute,97,次の角を曲がれ,/song/183344/,2015
MAN WITH A MISSION,98,Seven Deadly Sins,/song/179761/,2015
MAN WITH A MISSION,99,Raise your flag,/song/195395/,2015
INFINITE,100,24時間,/song/185049/,2015
AKB48,1,翼はいらない,/song/208875/,2016
AKB48,2,君はメロディー,/song/204068/,2016
AKB48,3,しあわせを分けなさい,,2016
AKB48,3,LOVE TRIP,/song/213918/,2016
AKB48,4,ハイテンション,/song/218886/,2016
乃木坂46,5,サヨナラの意味,/song/218128/,2016
乃木坂46,6,裸足でSummer,/song/211560/,2016
嵐,7,I seek,/song/208178/,2016
嵐,7,Daylight,/song/208177/,2016
乃木坂46,8,ハルジオンが咲く頃,/song/204799/,2016
嵐,9,復活LOVE,/song/203265/,2016
嵐,10,Power of the Paradise,,2016
欅坂46,11,二人セゾン,/song/219728/,2016
SMAP,12,世界に一つだけの花,/song/15894/,2016
欅坂46,13,世界には愛しかない,/song/212668/,2016
欅坂46,14,サイレントマジョリティー,/song/205640/,2016
SKE48,15,チキンLINE,/song/205389/,2016
NMB48,16,僕はいない,/song/212320/,2016
HKT48,17,最高かよ,/song/214167/,2016
SKE48,18,金の愛、銀の愛,/song/213002/,2016
Hey!Say!JUMP,19,真剣SUNSHINE,/song/207808/,2016
HKT48,20,74億分の1の君へ,/song/206315/,2016
関ジャニ∞,21,罪と夏,/song/210761/,2016
NMB48,22,甘噛み姫,/song/207218/,2016
Kis-My-Ft2,23,Sha la la☆Summer Time,/song/213352/,2016
Hey!Say!JUMP,24,Fantastic Time,/song/217535/,2016
Kis-My-Ft2,25,Gravity,/song/204692/,2016
関ジャニ∞,26,NOROSHI,/song/220377/,2016
Hi-STANDARD,27,ANOTHER STARTING LINE,/song/217640/,2016
BOYS AND MEN,28,YAMATO☆Dancing,/song/213426/,2016
KAT-TUN,29,UNLOCK,/song/203772/,2016
KinKi Kids,30,薔薇と太陽,/song/211483/,2016
Sexy Zone,31,カラフル Eyes,/song/199382/,2016
星野源,32,恋,/song/216304/,2016
KinKi Kids,33,道は手ずから夢の花,/song/218132/,2016
AKB48,34,唇にBe My Baby,/song/198806/,2016
関ジャニ∞,35,パノラマ,/song/216685/,2016
NEWS,36,恋を知らない君へ,/song/211151/,2016
三代目 J Soul Brothers from EXILE TRIBE,37,Welcome to TOKYO,/song/217879/,2016
NEWS,38,ヒカリノシズク,/song/200908/,2016
NEWS,38,Touch,/song/200907/,2016
モーニング娘。'15,39,冷たい風と片思い,/song/199535/,2016
モーニング娘。'15,39,ENDLESS SKY,/song/199534/,2016
モーニング娘。'15,39,One and Only,/song/199533/,2016
KAT-TUN,40,TRAGEDY,/song/202397/,2016
EXO,41,Coming Over,/song/220705/,2016
氷川きよし,42,みれん心,/song/201972/,2016
ジャニーズWEST,43,人生は素晴らしい,/song/211925/,2016
μ’s,44,MOMENT RING,,2016
防弾少年団,45,RUN-Japanese Ver.-,,2016
Sexy Zone,46,よびすて,/song/216897/,2016
ジャニーズWEST,47,逆転Winner,/song/206751/,2016
桑田佳祐,48,ヨシ子さん,/song/210307/,2016
V6,49,Beautiful World,/song/207988/,2016
THE YELLOW MONKEY,50,砂の塔,/song/217073/,2016
稲葉浩志,51,羽,/song/200407/,2016
モーニング娘。'16,52,泡沫サタデーナイト！,/song/207767/,2016
モーニング娘。'16,52,The Vision,/song/207766/,2016
モーニング娘。'16,52,Tokyoという片隅,/song/207765/,2016
イヤミ feat.おそ松×カラ松×チョロ松×一松×十四松×トド松,53,SIX SAME FACES ～今夜は最高!!!!!!～,/song/199466/,2016
EXILE,54,Joy-ride ～歓喜のドライブ～,,2016
Sexy Zone,57,勝利の日まで,/song/207322/,2016
モーニング娘。'16,58,セクシーキャットの演説,/song/219219/,2016
モーニング娘。'16,58,ムキダシで向き合って,/song/219218/,2016
モーニング娘。'16,58,そうじゃない,/song/219217/,2016
BOYS AND MEN,59,BOYMEN NINJA,/song/201884/,2016
GENERATIONS from EXILE TRIBE,60,涙,/song/210214/,2016
2PM,61,Promise(I’ll be)-Japanese ver.-,,2016
ACE OF SPADES×PKCZ(R)feat.登坂広臣,62,TIME FLIES,,2016
Flower,63,瞳の奥の銀河,/song/199087/,2016
桑田佳祐,64,君への手紙,/song/218742/,2016
EXILE THE SECOND,65,YEAH!! YEAH!! YEAH!!,/song/210739/,2016
山内惠介,66,流転の波止場,/song/204825/,2016
GENERATIONS from EXILE TRIBE,68,PIERROT,/song/217894/,2016
Aqours,69,恋になりたいAQUARIUM,/song/207336/,2016
"BiBi～絢瀬絵里(南條愛乃),西木野真姫(Pile),矢澤にこ(徳井青空)from μ’s～",70,錯覚CROSSROADS,,2016
藤原さくら,71,Soup,/song/207371/,2016
SEKAI NO OWARI,72,Hey Ho,/song/216101/,2016
VOICE by トト子 feat.おそ松×カラ松×チョロ松×一松×十四松×トド松,73,SIX SHAME FACES ～今夜も最高!!!!!!～,/song/204726/,2016
Aqours,74,青空Jumping Heart,/song/211449/,2016
安室奈美恵,75,Hero,/song/211512/,2016
E-girls,76,Pink Champagne,/song/211652/,2016
SHINee,77,君のせいで,/song/207385/,2016
水森かおり,78,越後水原,/song/205293/,2016
E-girls,79,E.G.summer RIDER,,2016
三山ひろし,80,四万十川,/song/201746/,2016
Flower,81,やさしさで溢れるように,/song/207959/,2016
"lily white～園田海未(三森すずこ),星空凛(飯田里穂),東條希(楠田亜衣奈)from μ’s～",82,思い出以上になりたくて,,2016
℃-ute,83,何故 人は争うんだろう?,,2016
℃-ute,83,Summer Wind,/song/206670/,2016
℃-ute,83,人生はSTEP!,/song/206669/,2016
BOYS AND MEN,84,Wanna be!,,2016
SUPER JUNIOR,85,Devil,/song/200136/,2016
SUPER JUNIOR,85,Magic,/song/200135/,2016
コブクロ,86,未来,/song/198825/,2016
ShuuKaRen,87,UNIVERSE,/song/215369/,2016
林部智史,88,あいたい,/song/203039/,2016
安室奈美恵,89,Dear Diary,/song/217133/,2016
安室奈美恵,89,Fighter,/song/217132/,2016
WANIMA,90,JUICE UP!!,,2016
ももいろクローバーZ,91,ザ・ゴールデン・ヒストリー,/song/213657/,2016
℃-ute,92,夢幻クライマックス,/song/217972/,2016
℃-ute,92,愛はまるで静電気,/song/217971/,2016
℃-ute,92,Singing～あの頃のように～,/song/217970/,2016
iKON,93,DUMB & DUMBER,/song/205456/,2016
ワルキューレ,94,一度だけの恋なら,/song/207726/,2016
ワルキューレ,94,ルンがピカッと光ったら,/song/207725/,2016
米津玄師,95,LOSER,/song/215594/,2016
米津玄師,95,ナンバーナイン,/song/215593/,2016
L’Arc～en～Ciel,96,Wings Flap,,2016
SUPER☆GiRLS,97,ラブサマ!!!,/song/213905/,2016
ラブ・クレッシェンド,98,コップの中の木漏れ日,/song/198249/,2016
アンジュルム,99,次々続々,/song/207205/,2016
アンジュルム,99,糸島Distance,/song/207204/,2016
アンジュルム,99,恋ならとっくに始まってる,/song/207203/,2016
Aqours,100,ジングルベルがとまらない,/song/219306/,2016
AKB48,1,願いごとの持ち腐れ,/song/230082/,2017
AKB48,3,11月のアンクレット,,2017
AKB48,4,シュートサイン,/song/226103/,2017
乃木坂46,5,逃げ水,/song/234007/,2017
乃木坂46,6,インフルエンサー,/song/226410/,2017
乃木坂46,7,いつかできるから今日できる,/song/237683/,2017
欅坂46,8,不協和音,/song/227214/,2017
欅坂46,9,風に吹かれても,/song/238404/,2017
嵐,10,Doors ～勇気の軌跡～,/song/239392/,2017
嵐,11,I’ll be there,,2017
嵐,12,つなぐ,/song/231837/,2017
BTS (防弾少年団),13,MIC Drop,,2017
BTS (防弾少年団),13,DNA,,2017
BTS (防弾少年団),13,Crystal Snow,/song/241040/,2017
SKE48,14,意外にマンゴー,/song/232712/,2017
NMB48,15,僕以外の誰か,/song/221386/,2017
関ジャニ∞,16,なぐりガキBEAT,/song/222944/,2017
Hey!Say!JUMP,17,OVER THE TOP,/song/224934/,2017
Hey! Say! JUMP,18,Precious Girl,/song/232182/,2017
A.Y.T.,18,Are You There?,/song/232181/,2017
Hey!Say!JUMP,19,Give Me Love,/song/220920/,2017
関ジャニ∞,20,奇跡の人,,2017
HKT48,21,バグっていいじゃん,/song/224138/,2017
BTS (防弾少年団),22,血、汗、涙 -Japanese ver.-,/song/229047/,2017
HKT48,23,キスは待つしかないのでしょうか?,,2017
TWICE,24,One More Time,/song/237470/,2017
関ジャニ∞,25,応答セヨ,/song/239766/,2017
星野源,26,Family Song,/song/234134/,2017
Kis-My-Ft2,27,SEVEN WISHES),,2017
Kis-My-Ft2,27,君のいる世界,/song/225229/,2017
Kis-My-Ft2,27,Tonight,/song/225230/,2017
亀と山P,28,背中越しのチャンス,/song/229422/,2017
KinKi Kids,29,The Red Light,/song/232573/,2017
NGT48,30,青春時計,/song/226333/,2017
Kis-My-Ft2,31,PICK IT UP,/song/230301/,2017
Kis-My-Ft2,32,赤い果実,/song/240296/,2017
舞祭組,33,道しるべ,/song/221840/,2017
BOYS AND MEN,34,帆を上げろ!,,2017
NEWS,35,EMMA,/song/223851/,2017
Mr.Children,36,himawari,/song/233184/,2017
Mr.Children,37,ヒカリノアトリエ,/song/221845/,2017
B’z,38,声明,,2017
B’z,38,Still Alive,,2017
ジャニーズWEST,39,Ya!Hot!Hot!,,2017
ジャニーズWEST,39,おーさか☆愛・EYE・哀,/song/231349/,2017
NGT48,40,世界はどこまで青空なのか?,,2017
Sexy Zone,41,ROCK THA TOWN,/song/226790/,2017
欅坂46,42,二人セゾン,/song/219728/,2017
V6,43,Can’t Get Enough,,2017
V6,43,ハナヒラケ,/song/226129/,2017
Sexy Zone,44,ぎゅっと,/song/237363/,2017
QUARTET NIGHT,45,God’s S.T.A.R.,,2017
ジャニーズWEST,46,僕ら今日も生きている,/song/240237/,2017
ジャニーズWEST,46,考えるな、燃えろ!!,/song/240236/,2017
氷川きよし,47,男の絶唱,/song/225816/,2017
星野源,48,恋,/song/216304/,2017
モーニング娘。'17,49,邪魔しないで Here We Go！,/song/237166/,2017
モーニング娘。'17,49,弩級のゴーサイン,/song/237165/,2017
モーニング娘。'17,49,若いんだし！,/song/237164/,2017
三代目 J Soul Brothers from EXILE TRIBE,50,HAPPY,/song/225650/,2017
祭nine.,51,嗚呼、夢神輿,/song/234306/,2017
V6,52,COLORS,/song/228713/,2017
V6,52,太陽と月のこどもたち,/song/228712/,2017
GENERATIONS from EXILE TRIBE,53,BIG CITY RODEO,/song/238438/,2017
765 MILLION ALLSTARS,54,Brand New Theater!,/song/233282/,2017
315 STARS,55,Reason!!,/song/239565/,2017
SHINee,56,Winter Wonderland,/song/219156/,2017
SMAP,57,世界に一つだけの花,/song/15894/,2017
刀剣男士 formation of 三百年,58,勝利の凱歌,/song/235888/,2017
超特急,59,My Buddy,/song/233187/,2017
モーニング娘。'17,60,BRAND NEW MORNING,/song/225534/,2017
モーニング娘。'17,60,ジェラシー ジェラシー,/song/225533/,2017
グリーンボーイズ,61,キセキ),,2017
グリーンボーイズ,61,道,/song/222592/,2017
グリーンボーイズ,61,声,/song/222593/,2017
島村卯月(大橋彩香)、小日向美穂(津田美波)、佐久間まゆ(牧野由依)、櫻井桃華(照井春佳)、双葉杏(五十嵐裕美),62,キラッ!満開スマイル,/song/228340/,2017
SEKAI NO OWARI,63,RAIN,/song/231967/,2017
私立恵比寿中学,64,シンガロン・シンガソン,/song/239371/,2017
THE RAMPAGE from EXILE TRIBE,65,Lightning,/song/222086/,2017
島村卯月(大橋彩香)、小日向美穂(津田美波)、五十嵐響子(種崎敦美),66,ラブレター(M@STER VERSION),/song/225329/,2017
Aqours,67,未来の僕らは知ってるよ,/song/238369/,2017
山内惠介,68,愛が信じられないなら,/song/226802/,2017
E-girls,69,Love☆Queen,,2017
米津玄師,70,ピースサイン,/song/230891/,2017
超特急,71,超ネバギバDANCE,/song/228271/,2017
倉木麻衣,72,渡月橋 ～君 想ふ～,,2017
福山雅治,73,聖域,/song/235952/,2017
島村卯月(大橋彩香)、渋谷凛(福原綾香)、本田未央(原紗友里)、赤城みりあ(黒沢ともよ)、安部菜々(三宅麻理恵),74,Yes! Party Time!! (M@STER VERSION),/song/222743/,2017
Aqours,75,HAPPY PARTY TRAIN,/song/227378/,2017
℃-ute,76,To Tomorrow,/song/226807/,2017
℃-ute,76,ファイナルスコール,/song/226806/,2017
℃-ute,76,The Curtain Rises,/song/226805/,2017
WANIMA,77,これだけは),,2017
WANIMA,77,ララバイ,/song/229303/,2017
WANIMA,77,CHARM,/song/227678/,2017
渋谷凛(福原綾香)、上条春菜(長島光那)、神谷奈緒(松井恵理子)、神崎蘭子(内田真礼)、三船美優(原田彩楓),79,エチュードは1曲だけ,/song/229706/,2017
竹島宏,80,月枕,/song/222460/,2017
Flower,81,たいようの哀悼歌,/song/234723/,2017
多田李衣菜(青木瑠璃子)、木村夏樹(安野希世乃),82,Jet to the Future,/song/227932/,2017
城ヶ崎莉嘉(山本希望)、緒方智絵里(大空直美)、北条加蓮(渕上舞)、川島瑞樹(東山奈央)、大槻唯(山下七海),83,BEYOND THE STARLIGHT,/song/223207/,2017
Perfume,84,TOKYO GIRL,/song/223647/,2017
UVERworld,85,一滴の影響,/song/223170/,2017
水森かおり,86,早鞆ノ瀬戸,/song/228664/,2017
MAG!C☆PRINCE,87,YUME no MELODY,/song/237326/,2017
MAG!C☆PRINCE,87,Dreamland,/song/237325/,2017
BOYS AND MEN 研究生,88,ドドンコ Don’t worry,,2017
コブクロ,89,心,/song/229316/,2017
乃木坂46,90,サヨナラの意味,/song/218128/,2017
LiSA,91,Catch the Moment,/song/224081/,2017
A.B.C-Z,92,Reboot!!!,/song/223313/,2017
小沢健二,93,流動体について,/song/226258/,2017
双葉杏(五十嵐裕美)、諸星きらり(松嵜麗),94,あんきら!?狂騒曲 (M@STER VERSION),/song/230225/,2017
島村卯月(大橋彩香)、渋谷凛(福原綾香)、本田未央(原紗友里)、城ヶ崎美嘉(佳村はるか)、多田李衣菜(青木瑠璃子),95,Treasure☆(M@STER VERSION),/song/226342/,2017
Perfume,96,If you wanna,/song/235392/,2017
欅坂46,98,サイレントマジョリティー,/song/205640/,2017
ももいろクローバーZ,99,BLAST!,,2017
刀剣男士 team新撰組 with蜂須賀虎徹,100,ユメひとつ,/song/225951/,2017
