ArtistName,Ranking,SongName,Year
嵐,1,truth,2008
嵐,1,風の向こうへ,2008
嵐,2,One Love,2008
サザンオールスターズ,3,I AM YOUR SINGER,2008
GReeeeN,4,キセキ,2008
羞恥心,5,羞恥心,2008
Mr.Children,6,HANABI,2008
青山テルマ feat.SoulJa,7,そばにいるね,2008
KAT-TUN,8,DON’T U EVER STOP,2008
KAT-TUN,9,LIPS,2008
嵐,10,Beautiful days,2008
関ジャニ∞,11,無責任ヒーロー,2008
嵐,12,Step and Go,2008
すぎもとまさと,13,吾亦紅,2008
藤岡藤巻と大橋のぞみ,14,崖の上のポニョ,2008
Mr.Children,15,GIFT,2008
羞恥心,16,泣かないで,2008
EXILE,17,Ti Amo,2008
NEWS,19,太陽のナミダ,2008
アラジン,20,陽は、また昇る,2008
Hey!Say!JUMP,21,真夜中のシャドーボーイ,2008
ジェロ,22,海雪,2008
NEWS,23,SUMMER TIME,2008
KAT-TUN,24,White X’mas,2008
Hey!Say!JUMP,25,Dreams come true,2008
NEWS,26,Happy Birthday,2008
関ジャニ∞,27,ワッハッハー,2008
KinKi Kids,28,Secret Code,2008
コブクロ,29,時の足音,2008
EXILE,30,LAST CHRISTMAS,2008
Hey!Say!JUMP,31,Your Seed,2008
Hey!Say!JUMP,31,冒険ライダー,2008
B’z,32,BURN-フメツノフェイス-,2008
浜崎あゆみ,33,Mirrorcle World,2008
Aqua Timez,34,虹,2008
SMAP,35,弾丸ファイター,2008
福山雅治,36,想 -new love new world-,2008
秋元順子,37,愛のままで…,2008
EXILE,38,You’re my sunshine,2008
EXILE,38,Pure,2008
SMAP,39,そのまま,2008
SMAP,39,White Message,2008
UVERworld,40,儚くも永久のカナシ,2008
氷川きよし,41,玄海船歌,2008
絢香×コブクロ,42,あなたと,2008
V6,43,way of life,2008
マキシマム ザ ホルモン,44,爪爪爪,2008
マキシマム ザ ホルモン,44,「F」,2008
アンジェラ・アキ,45,手紙 ～拝啓 十五の君へ～,2008
倖田來未,46,MOON,2008
Perfume,47,love the world,2008
L’Arc～en～Ciel,48,NEXUS 4,2008
L’Arc～en～Ciel,48,SHINE,2008
SMAP,49,この瞬間、きっと夢じゃない,2008
清水翔太,50,HOME,2008
米寿司,51,No more,2008
L’Arc～en～Ciel,52,DRINK IT DOWN,2008
水森かおり,53,輪島朝市,2008
ケツメイシ,54,出会いのかけら,2008
天童よしみ,55,幸せはすぐそこに…,2008
May'n / 中島愛,56,ライオン,2008
木山裕策,57,home,2008
GLAY,58,VERB,2008
RADWIMPS,59,オーダーメイド,2008
YUI,60,SUMMER SONG,2008
YUI,61,Namidairo,2008
山下達郎,63,ずっと一緒さ,2008
テゴマス,64,アイアイ傘,2008
秋川雅史,65,千の風になって,2008
シェリル・ノーム starring May’n,66,ダイアモンド クレバス,2008
シェリル・ノーム starring May’n,66,射手座☆午後九時Don’t be late,2008
aiko,67,KissHug,2008
ORANGE RANGE,68,O2,2008
V6,69,LIGHT IN YOUR HEART,2008
V6,69,Swing!,2008
KOH+,70,最愛,2008
V6,71,蝶,2008
UVERworld,72,激動,2008
UVERworld,72,Just break the limit!,2008
東方神起,73,Beautiful you,2008
東方神起,73,千年恋歌,2008
244 ENDLI-x,74,Kurikaesu 春,2008
矢島美容室,75,ニホンノミカタ -ネバダカラキマシタ-,2008
坂本真綾,76,トライアングラー,2008
氷川きよし,77,哀愁の湖,2008
東方神起,78,どうして君を好きになってしまったんだろう?,2008
VAMPS,79,LOVE ADDICT,2008
Perfume,80,Dream Fighter,2008
GLAY,81,紅と黒のMATADORA,2008
GLAY,81,I LOVE YOUをさがしてる,2008
いきものがかり,82,ブルーバード,2008
ランカ・リー=中島愛,83,星間飛行,2008
タッキー&翼,84,恋詩-コイウタ-,2008
タッキー&翼,84,PROGRESS,2008
ポルノグラフィティ,85,あなたがここにいたら,2008
倖田來未,86,TABOO,2008
T.M.Revolution,87,resonance,2008
新垣結衣,88,Make my day,2008
ZARD,89,グロリアス マインド,2008
ZARD,90,翼を広げて,2008
ZARD,90,愛は暗闇の中で,2008
東方神起,91,呪文-MIROTIC-,2008
ゆず,92,ストーリー,2008
童子-T,93,もう一度… feat.BENI,2008
aiko,94,二人,2008
宇多田ヒカル,95,Prisoner Of Love,2008
モモタロス・ウラタロス・キンタロス・リュウタロス・デネブ,96,Double-Action CLIMAX form,2008
ポルノグラフィティ,97,ギフト,2008
ポルノグラフィティ,98,痛い立ち位置,2008
Spontania feat.JUJU,99,君のすべてに,2008
水樹奈々,100,Trickster,2008
嵐,1,Believe,2009
矢野健太 starring Satoshi Ohno,1,曇りのち、快晴,2009
嵐,2,明日の記憶,2009
嵐,2,Crazy Moon～キミ・ハ・ムテキ～,2009
嵐,3,マイガール,2009
秋元順子,4,愛のままで…,2009
嵐,5,Everything,2009
B’z,6,イチブトゼンブ,2009
B’z,6,DIVE,2009
KAT-TUN,7,RESCUE,2009
遊助,8,ひまわり,2009
KAT-TUN,9,ONE DROP,2009
関ジャニ∞,10,急☆上☆Show!!,2009
NEWS,11,恋のABO,2009
EXILE,12,FIREWORKS,2009
中山優馬 w/B.I.Shadow,13,悪魔な恋,2009
NYC boys,13,NYC,2009
EXILE,14,Someday,2009
EXILE,15,ふたつの唇,2009
山下智久,16,Loveless,2009
遊助,17,たんぽぽ,2009
遊助,17,海賊船,2009
遊助,17,其の拳,2009
LANDS,18,BANDAGE,2009
羞恥心,19,弱虫サンタ,2009
B’z,20,MY LONELY TOWN,2009
東方神起,21,Stand by U,2009
AKB48,22,RIVER,2009
KinKi Kids,23,約束,2009
福山雅治,24,化身,2009
氷川きよし,25,浪曲一代,2009
浜崎あゆみ,26,Days,2009
浜崎あゆみ,26,GREEN,2009
氷川きよし,27,ときめきのルンバ,2009
KinKi Kids,28,スワンソング,2009
BUMP OF CHICKEN,29,R.I.P.,2009
BUMP OF CHICKEN,29,Merry Christmas,2009
東方神起,30,Share The World,2009
東方神起,30,ウィーアー!,2009
堂本光一,31,妖 ～あやかし～,2009
JEJUNG & YUCHUN(from 東方神起),32,COLORS ～Melody and Harmony～,2009
JEJUNG & YUCHUN(from 東方神起),32,Shelter,2009
桜高軽音部,33,Don’t say “lazy”,2009
YUI,34,again,2009
桜高軽音部,35,Cagayake!GIRLS,2009
ポルノグラフィティ,36,今宵、月が見えずとも,2009
遊助,37,いちょう,2009
AKB48,39,涙サプライズ!,2009
GReeeeN,40,遥か,2009
SMAP,41,そっと きゅっと,2009
SMAP,41,スーパースター★,2009
水森かおり,42,安芸の宮島,2009
浜崎あゆみ,43,Rule,2009
浜崎あゆみ,43,Sparkle,2009
GReeeeN,44,歩み,2009
安室奈美恵,45,WILD,2009
安室奈美恵,45,Dr.,2009
フレンズ&ヘキサゴンオールスターズ,46,泣いてもいいですか,2009
AKB48,47,言い訳Maybe,2009
The SHIGOTONIN,48,鏡花水月,2009
東方神起,49,Bolero,2009
東方神起,49,Kiss The Baby Sky,2009
東方神起,49,忘れないで,2009
浜崎あゆみ,50,Sunrise,2009
浜崎あゆみ,50,Sunset ～LOVE is ALL～,2009
YUI,51,It’s all too much,2009
YUI,51,Never say die,2009
樋口了一,52,手紙 ～親愛なる子供たちへ～,2009
ヒルクライム,53,春夏秋冬,2009
AKB48,54,10年桜,2009
シド,55,嘘,2009
コブクロ,56,虹,2009
aiko,57,milk,2009
aiko,57,嘆きのキス,2009
GLAY,58,SAY YOUR DREAM,2009
Perfume,59,ワンルーム・ディスコ,2009
テゴマス,60,七夕祭り,2009
倖田來未×misono,61,It’s all Love!,2009
ゆず,62,逢いたい,2009
Gackt,63,Journey through the Decade,2009
GReeeeN,64,刹那,2009
東方神起,65,Survivor,2009
いきものがかり,66,YELL,2009
いきものがかり,66,じょいふる,2009
GLAY,68,I am xxx,2009
コブクロ,69,STAY,2009
加藤ミリヤ×清水翔太,70,Love Forever,2009
アンジェラ・アキ,71,手紙 ～拝啓 十五の君へ～,2009
supercell,72,君の知らない物語,2009
桜高軽音部,73,ふわふわ時間,2009
堂本剛,74,RAIN,2009
V6,75,スピリット,2009
平原綾香,76,ノクターン,2009
平原綾香,76,カンパニュラの恋,2009
UNICORN,77,WAO!,2009
V6,78,GUILTY,2009
椎名林檎,79,ありあまる富,2009
滝沢秀明,80,愛・革命,2009
桑田佳祐,81,君にサヨナラを,2009
DREAMS COME TRUE feat.FUZZY CONTROL,82,その先へ,2009
モーニング娘。,83,なんちゃって恋愛,2009
UVERworld,84,GO-ON,2009
flumpool,85,星に願いを,2009
UVERworld,86,哀しみはきっと,2009
平井堅,87,僕は君に恋をする,2009
倖田來未,88,stay with me,2009
ゆず,89,虹,2009
ポルノグラフィティ,90,この胸を、愛を射よ,2009
GReeeeN,91,キセキ,2009
VAMPS,92,I GOTTA KICK START NOW,2009
剛 紫,93,空 ～美しい我の空,2009
ポルノグラフィティ,94,アニマロッサ,2009
水樹奈々,95,深愛,2009
秋元順子,96,黄昏Love again,2009
Acid Black Cherry,97,眠り姫,2009
ステレオポニー,98,泪のムコウ,2009
水樹奈々,99,夢幻,2009
FUNKY MONKEY BABYS,100,ヒーロー,2009
FUNKY MONKEY BABYS,100,明日へ,2009
AKB48,1,Beginner,2010
AKB48,2,ヘビーローテーション,2010
嵐,3,Troublemaker,2010
嵐,4,Monster,2010
AKB48,5,ポニーテールとシュシュ,2010
嵐,6,果てない空,2010
嵐,7,Love Rainbow,2010
AKB48,8,チャンスの順番,2010
嵐,9,Dear Snow,2010
嵐,10,To be free,2010
KAT-TUN,11,Love yourself-君が嫌いな君が好き-,2010
AKB48,12,桜の栞,2010
SMAP,13,This is love,2010
坂本冬美,14,また君に恋してる,2010
坂本冬美,14,アジアの海賊,2010
関ジャニ∞,15,LIFE～目の前の向こうへ～,2010
東方神起,16,BREAK OUT!,2010
KAT-TUN,17,Going!,2010
関ジャニ∞,18,Wonderful World!!,2010
福山雅治,19,はつ恋,2010
KAT-TUN,20,CHANGE UR WORLD,2010
Hey!Say!JUMP,21,瞳のスクリーン,2010
福山雅治,22,蛍,2010
福山雅治,22,少年,2010
EXILE,23,I Wish For You,2010
氷川きよし,24,三味線旅がらす,2010
NEWS,25,さくらガール,2010
東方神起,26,時ヲ止メテ,2010
EXILE,27,もっと強く,2010
山下智久,29,One in a million,2010
怪物くん(怪物太郎),30,ユカイツーカイ怪物くん,2010
KinKi Kids,31,Family～ひとつになること,2010
NEWS,32,Fighting Man,2010
いきものがかり,33,ありがとう,2010
オンナラブリー,34,Onaraはずかしくないよ,2010
氷川きよし,35,虹色のバイヨン,2010
BUMP OF CHICKEN,36,HAPPY,2010
BUMP OF CHICKEN,37,魔法の料理 ～君から君へ～,2010
Lia,38,"My Soul,Your Beats!",2010
多田葵,38,Brave Song,2010
放課後ティータイム,39,GO! GO! MANIAC,2010
桑田佳祐,40,本当は怖い愛とロマンス,2010
SKE48,41,1!2!3!4! ヨロシク!,2010
コブクロ,42,流星,2010
稲葉浩志,45,Okay,2010
放課後ティータイム,47,"NO,Thank You!",2010
チームドラゴン from AKB48,48,心の羽根,2010
少女時代,49,Gee,2010
放課後ティータイム,50,Listen!!,2010
放課後ティータイム,51,Utauyo!!MIRACLE,2010
BUMP OF CHICKEN,52,宇宙飛行士への手紙,2010
BUMP OF CHICKEN,52,モーターサイクル,2010
Perfume,53,VOICE,2010
NYC,54,勇気100%,2010
遊助,55,ライオン,2010
浜崎あゆみ,56,You were...,2010
浜崎あゆみ,56,BALLAD,2010
水森かおり,57,松島紀行,2010
少女時代,58,GENIE,2010
YUI,59,GLORIA,2010
NYC,60,よく遊びよく学べ,2010
L’Arc～en～Ciel,61,BLESS,2010
Perfume,62,不自然なガール,2010
Perfume,62,ナチュラルに恋して,2010
遊助,63,ミツバチ,2010
Perfume,64,ねぇ,2010
T.M.Revolution,65,Naked arms,2010
T.M.Revolution,65,SWORD SUMMIT,2010
浜崎あゆみ,66,crossroad,2010
KARA,67,ミスター,2010
UVERworld,68,クオリア,2010
天童よしみ,69,人生みちづれ,2010
浜崎あゆみ,70,MOON,2010
浜崎あゆみ,70,blossom,2010
浜崎あゆみ,71,L,2010
西野カナ,72,会いたくて 会いたくて,2010
水樹奈々,73,PHANTOM MINDS,2010
SKE48,74,ごめんね、SUMMER,2010
木村カエラ,75,Ring a Ding Dong,2010
DOES,76,バクチ・ダンサー,2010
KARA,77,ジャンピン,2010
YUI,78,to Mother,2010
西野カナ,79,if,2010
安室奈美恵,80,Break It,2010
安室奈美恵,80,Get Myself Back,2010
五木ひろし,82,おしろい花,2010
倖田來未,83,好きで、好きで、好きで。,2010
倖田來未,83,あなただけが,2010
Girls Dead Monster,84,Crow Song,2010
シド,85,レイン,2010
YUI,86,Rain,2010
西野カナ,87,君って,2010
三代目 J Soul Brothers,88,Best Friend’s Girl,2010
GLAY,89,Precious,2010
RADWIMPS,90,マニフェスト,2010
ゆず,91,桜会(さくらえ),2010
ゆず,91,マイライフ,2010
RADWIMPS,92,携帯電話,2010
aiko,93,戻れない明日,2010
タッキー&翼,94,愛はタカラモノ,2010
放課後ティータイム,95,ごはんはおかず,2010
放課後ティータイム,95,U&I;,2010
遊助,96,ひと,2010
水樹奈々,97,Silent Bible,2010
北島三郎,98,夫婦一生,2010
SDN48,99,GAGAGA,2010
西野カナ,100,Best Friend,2010
AKB48,1,フライングゲット,2011
AKB48,2,Everyday、カチューシャ,2011
AKB48,3,風は吹いている,2011
AKB48,4,上からマリコ,2011
AKB48,5,桜の木になろう,2011
嵐,6,Lotus,2011
嵐,7,迷宮ラブソング,2011
薫と友樹、たまにムック。,8,マル・マル・モリ・モリ!,2011
SKE48,9,パレオはエメラルド,2011
Kis-My-Ft2,10,Everybody Go,2011
SKE48,11,オキドキ,2011
NMB48,13,オーマイガー!,2011
EXILE,14,Rising Sun,2011
EXILE ATSUSHI,14,いつかきっと…,2011
Hey!Say!JUMP,15,OVER,2011
東方神起,16,Why?(Keep Your Head Down),2011
SKE48,17,バンザイVenus,2011
NMB48,18,絶滅黒髪少女,2011
関ジャニ∞,19,T.W.L,2011
関ジャニ∞,19,イエローパンジーストリート,2011
福山雅治,20,家族になろうよ,2011
福山雅治,20,fighting pose,2011
Hey!Say!JUMP,21,Magic Power,2011
Not yet,22,週末Not yet,2011
赤西仁,23,Eternal,2011
BUMP OF CHICKEN,24,ゼロ,2011
KARA,25,GO GO サマー!,2011
KARA,26,ジェットコースターラブ,2011
板野友美,27,Dear J,2011
B’z,28,Don’t Wanna Lie,2011
チャン・グンソク,29,Let me cry,2011
Sexy Zone,30,Sexy Zone,2011
KAT-TUN,31,ULTIMATE WHEELS,2011
KAT-TUN,32,BIRTH,2011
前田敦子,33,Flower,2011
Not yet,34,波乗りかき氷,2011
Not yet,35,ペラペラペラオ,2011
関ジャニ∞,36,マイホーム,2011
Hey!Say!JUMP,38,「ありがとう」～世界のどこにいても～,2011
関ジャニ∞,39,ツブサニコイ,2011
関ジャニ∞,40,365日家族,2011
東方神起,41,Superstar,2011
氷川きよし,42,あの娘と野菊と渡し舟,2011
KAT-TUN,43,RUN FOR YOU,2011
B’z,44,さよなら傷だらけの日々よ,2011
KAT-TUN,45,WHITE,2011
少女時代,46,MR.TAXI,2011
少女時代,46,Run Devil Run,2011
KinKi Kids,47,Time,2011
NYC,48,ユメタマゴ,2011
フレンチ・キス,49,最初のメール,2011
EXILE,50,あなたへ,2011
EXILE ATSUSHI,50,Ooo Baby,2011
フレンチ・キス,51,カッコ悪い I love you!,2011
AKB48,52,ヘビーローテーション,2011
桑田佳祐,53,Let’s try again ～kuwata keisuke ver.～,2011
桑田佳祐,53,明日へのマーチ,2011
桑田佳祐,53,ハダカ DE 音頭 ～祭りだ!! Naked～,2011
東方神起,54,Winter Rose,2011
東方神起,54,Duet,2011
BUMP OF CHICKEN,55,Smile,2011
L’Arc～en～Ciel,56,GOOD LUCK MY WAY,2011
渡り廊下走り隊7,57,バレンタイン・キッス,2011
Perfume,58,レーザービーム,2011
Perfume,58,微かなカオリ,2011
板野友美,59,ふいに,2011
BUMP OF CHICKEN,60,友達の唄,2011
RADWIMPS,61,DADA,2011
ノースリーブス,62,唇 触れず…,2011
EXILE,63,Each Other's Way ～旅の途中～,2011
KARA,64,ウィンターマジック,2011
氷川きよし,65,情熱のマリアッチ,2011
SHINee,66,Replay-君は僕のeverything-,2011
L’Arc～en～Ciel,67,X X X,2011
堂本剛,68,縁を結いて,2011
ノースリーブス,69,Answer,2011
テゴマス,70,青いベンチ,2011
植村花菜,71,トイレの神様,2011
水森かおり,72,庄内平野 風の中,2011
渡り廊下走り隊7,73,希望山脈,2011
安室奈美恵,74,NAKED,2011
安室奈美恵,74,Fight Together,2011
安室奈美恵,74,Tempest,2011
YUI,75,HELLO ～Paradise Kiss～,2011
AKB48,76,チャンスの順番,2011
aiko,77,ホーム,2011
aiko,77,恋のスーパーボール,2011
aiko,77,ホーム,2011
フレンチ・キス,78,If,2011
渡り廊下走り隊7,79,へたっぴウィンク,2011
UVERworld,80,CORE PRIDE,2011
三代目 J Soul Brothers,81,FIGHTERS,2011
Perfume,82,スパイス,2011
山下智久,83,はだかんぼー,2011
2PM,84,Ultra Lover,2011
SUPER JUNIOR,85,Mr.Simple,2011
堂本剛,86,Nijiの詩,2011
YUI,87,It’s My Life,2011
YUI,87,Your Heaven,2011
DiVA,88,月の裏側,2011
水樹奈々,89,SCARLET KNIGHT,2011
RADWIMPS,90,狭心症,2011
2PM,91,I’m your man,2011
AKB48,92,Beginner,2011
ClariS,93,コネクト,2011
V6,94,Sexy.Honey.Bunny!,2011
V6,94,タカラノイシ,2011
SDN48,95,MIN・MIN・MIN,2011
CNBLUE,96,In My Head,2011
T-ARA,97,Bo Peep Bo Peep,2011
コブクロ,98,Blue Bird,2011
安室奈美恵,99,Sit! Stay! Wait! Down!,2011
安室奈美恵,99,Love Story,2011
AKB48,100,ポニーテールとシュシュ,2011
AKB48,1,真夏のSounds good !,2012
AKB48,2,GIVE ME FIVE!,2012
AKB48,3,ギンガムチェック,2012
AKB48,4,UZA,2012
AKB48,5,永遠プレッシャー,2012
嵐,6,ワイルド アット ハート,2012
嵐,7,Face Down,2012
SKE48,8,片想いFinally,2012
SKE48,9,キスだって左利き,2012
SKE48,10,アイシテラブル!,2012
嵐,11,Your Eyes,2012
NMB48,12,ナギイチ,2012
NMB48,13,ヴァージニティー,2012
NMB48,14,純情U-19,2012
エイトレンジャー,15,ER,2012
Kis-My-Ft2,16,WANNA BEEEE!!!,2012
Kis-My-Ft2,16,Shake It Up,2012
NMB48,17,北川謙二,2012
Kis-My-Ft2,18,We never give up!,2012
関ジャニ∞,19,愛でした。,2012
NEWS,20,チャンカパーナ,2012
Kis-My-Ft2,21,アイノビート,2012
Hey!Say!JUMP,22,SUPER DELICATE,2012
Mr.Children,23,祈り ～涙の軌道,2012
Mr.Children,23,End of the day,2012
Mr.Children,23,pieces,2012
EXILE,24,ALL NIGHT LONG,2012
Kis-My-Ft2,25,SHE!HER!HER!,2012
乃木坂46,26,走れ!Bicycle,2012
関ジャニ∞,27,あおっぱな,2012
乃木坂46,28,おいでシャンプー,2012
乃木坂46,29,ぐるぐるカーテン,2012
EXILE TRIBE,30,24karats TRIBE OF GOLD,2012
キム・ヒョンジュン,31,HEAT,2012
BUMP OF CHICKEN,32,グッドラック,2012
SMAP,33,Moment,2012
B’z,34,"GO FOR IT,BABY -キオクの山脈-",2012
SUPER JUNIOR,35,Opera,2012
The MONSTERS,36,MONSTERS,2012
SMAP,37,さかさまの空,2012
福山雅治,38,生きてる生きてく,2012
KAT-TUN,39,不滅のスクラム,2012
東方神起,40,ANDROID,2012
福山雅治,41,Beautiful life,2012
福山雅治,41,GAME,2012
Not yet,42,西瓜BABY,2012
前田敦子,43,君は僕だ,2012
KAT-TUN,44,TO THE LIMIT,2012
山下智久,45,愛、テキサス,2012
SMAP,46,僕の半分,2012
2PM,47,Beautiful,2012
東方神起,48,STILL,2012
KARA,49,スピード アップ,2012
KARA,49,ガールズ パワー,2012
渡辺麻友,50,シンクロときめき,2012
指原莉乃,51,それでも好きだよ,2012
2PM,52,マスカレード～Masquerade～,2012
氷川きよし,53,櫻,2012
KinKi Kids,54,変わったかたちの石,2012
Sexy Zone,55,Lady ダイヤモンド,2012
山下智久,57,LOVE CHASE,2012
少女時代,58,PAPARAZZI,2012
SUPER JUNIOR,59,"Sexy,Free & Single",2012
水森かおり,60,ひとり長良川,2012
キム・ヒョンジュン,61,KISS KISS,2012
キム・ヒョンジュン,61,Lucky Guy,2012
THE SECOND from EXILE,62,THINK ’BOUT IT!,2012
EXILE,63,BOW & ARROWS,2012
ノースリーブス,64,ペディキュアday,2012
Perfume,65,Spring of Life,2012
NYC,66,ハイナ!,2012
赤西仁,67,SEASONS,2012
Sexy Zone,68,Sexy Summerに雪が降る,2012
渡辺麻友,69,ヒカルものたち,2012
モーニング娘。,70,One・Two・Three,2012
モーニング娘。,70,The 摩天楼ショー,2012
SHINee,71,Dazzling Girl,2012
NYC,72,ワンダフル キューピット,2012
中山優馬,72,がらすの・魔法・,2012
渡辺麻友,73,大人ジェリービーンズ,2012
BUMP OF CHICKEN,74,firefly,2012
AKB48,75,上からマリコ,2012
ももいろクローバーZ,76,Z女戦争,2012
三代目 J Soul Brothers,77,Powder Snow ～永遠に終わらない冬～,2012
Perfume,78,Spending all my time,2012
水樹奈々,79,BRIGHT STREAM,2012
HALLOWEEN JUNKY ORCHESTRA,80,HALLOWEEN PARTY,2012
フレンチ・キス,81,ロマンス・プライバシー,2012
L’Arc～en～Ciel,82,CHASE,2012
氷川きよし,83,最後と決めた女だから,2012
ももいろクローバーZ,84,サラバ、愛しき悲しみたちよ,2012
板野友美,85,10年後の君へ,2012
SUPER☆GiRLS,86,プリプリ■SUMMERキッス,2012
EXILE ATSUSHI,87,MELROSE ～愛さない約束～,2012
SDN48,88,負け惜しみコングラチュレーション,2012
モーニング娘。,89,ワクテカ Take a chance,2012
GENERATIONS,90,BRAVE IT OUT,2012
LiSA,91,crossing field,2012
少女時代,92,Oh!,2012
指原莉乃 with アンリレ,93,意気地なしマスカレード,2012
安室奈美恵,94,Sit! Stay! Wait! Down!,2012
安室奈美恵,94,Love Story,2012
ももいろクローバーZ,95,猛烈宇宙交響曲・第七楽章「無限の愛」,2012
ONE OK ROCK,96,The Beginning,2012
五木ひろし,97,夜明けのブルース,2012
渡り廊下走り隊7,98,少年よ 嘘をつけ!,2012
ACE OF SPADES,99,WILD TRIBE,2012
UVERworld,100,THE OVER,2012
AKB48,1,さよならクロール,2013
AKB48,2,恋するフォーチュンクッキー ,2013
AKB48,3,ハート・エレキ,2013
AKB48,4,So long !,2013
EXILE,5,EXILE PRIDE ～こんな世界を愛するため～,2013
SKE48,7,チョコの奴隷,2013
SKE48,8,美しい稲妻,2013
NMB48,9,僕らのユリイカ,2013
嵐,10,Endless Game,2013
SKE48,11,賛成カワイイ!,2013
NMB48,12,カモネギックス,2013
乃木坂46,13,ガールズルール,2013
乃木坂46,14,バレッタ,2013
SMAP,15,Joy!!,2013
Kis-My-Ft2,16,My Resistance -タシカナモノ-,2013
Kis-My-Ft2,16,運命Girl,2013
サザンオールスターズ,17,ピースとハイライト,2013
関ジャニ∞,18,へそ曲がり,2013
関ジャニ∞,18,ここにしかない景色,2013
Kis-My-Ft2,19,キミとのキセキ,2013
Kis-My-Ft2,20,SNOW DOMEの約束,2013
Kis-My-Ft2,20,Luv Sick,2013
乃木坂46,21,制服のマネキン,2013
乃木坂46,22,君の名は希望,2013
HKT48,23,メロンジュース,2013
HKT48,24,スキ!スキ!スキップ!,2013
EXILE TRIBE(三代目 J Soul Brothers VS GENERATIONS),25,BURNING UP,2013
関ジャニ∞,26,涙の答え,2013
Kis-My-Ft2,27,S.O.S(Smile On Smile),2013
Kis-My-Ft2,27,キ・ス・ウ・マ・イ ～KISS YOUR MIND～,2013
Hey!Say!JUMP,28,Come On A My House,2013
SMAP,29,Mistake!,2013
SMAP,29,Battery,2013
山田涼介,31,ミステリー ヴァージン,2013
KinKi Kids,32,まだ涙にならない悲しみが,2013
KinKi Kids,32,恋は匂へと散りぬるを,2013
関ジャニ∞,33,ココロ空モヨウ,2013
ゴールデンボンバー,34,Dance My Generation,2013
T.M.Revolution×水樹奈々,35,Preserved Roses,2013
KAT-TUN,36,EXPOSE,2013
Sexy Zone,37,Real Sexy!,2013
Sexy Zone,37,BAD BOYS,2013
Sexy Zone,38,バィバィDuバィ～See you again～,2013
Sexy Zone,38,A MY GIRL FRIEND,2013
天野春子(小泉今日子),39,潮騒のメモリー,2013
東方神起,40,OCEAN,2013
モーニング娘。,41,わがまま 気のまま 愛のジョーク,2013
モーニング娘。,41,愛の軍団,2013
東方神起,42,Catch Me -If you wanna-,2013
福山雅治,43,誕生日には真白な百合を,2013
福山雅治,43,Get the groove,2013
2PM,44,GIVE ME LOVE,2013
KAT-TUN,45,FACE to Face,2013
NEWS,46,ポコポンペコーリャ,2013
NEWS,46,WORLD QUEST,2013
東方神起,47,SCREAM,2013
AKB48,48,永遠プレッシャー,2013
山下智久,49,SUMMER NUDE ’13,2013
Not yet,50,ヒリヒリの花,2013
柏木由紀,51,ショートケーキ,2013
赤西仁,52,HEY WHAT’S UP?,2013
EXILE,53,Flower Song,2013
2PM,54,Winter Games,2013
SEKAI NO OWARI,55,RPG,2013
SHINee,55,Boys Meet U,2013
東方神起,57,Very Merry Xmas,2013
キム・ヒョンジュン,58,TONIGHT,2013
水樹奈々×T.M.Revolution,59,革命デュアリズム,2013
山下智久,60,怪・セラ・セラ,2013
三代目 J Soul Brothers from EXILE TRIBE,61,SO RIGHT,2013
GENERATIONS from EXILE TRIBE,62,HOT SHOT,2013
堂本剛,63,瞬き,2013
EXILE TAKAHIRO,64,一千一秒,2013
テゴマス,65,猫中毒,2013
モーニング娘。,66,ブレインストーミング,2013
モーニング娘。,66,君さえ居れば何も要らない,2013
超新星,67,WINNER,2013
モーニング娘。,68,Help me!!,2013
高橋みなみ,69,Jane Doe,2013
桑田佳祐,70,Yin Yang,2013
桑田佳祐,70,涙をぶっとばせ!!,2013
桑田佳祐,70,おいしい秘密,2013
福田こうへい,71,南部蝉しぐれ,2013
堀田家BAND,72,サヨナラ☆ありがとう,2013
E-girls,73,ごめんなさいのKissing You,2013
THE SECOND from EXILE,74,SURVIVORS feat.DJ MAKIDAI from EXILE,2013
THE SECOND from EXILE,74,プライド,2013
EXILE,75,No Limit,2013
花は咲くプロジェクト,76,花は咲く,2013
Perfume,77,未来のミュージアム,2013
GENERATIONS from EXILE TRIBE,78,Love You More,2013
ももいろクローバーZ,79,GOUNN,2013
UVERworld,80,Fight For Liberty,2013
UVERworld,80,Wizard CLUB,2013
SUPER☆GiRLS,81,常夏ハイタッチ,2013
GENERATIONS from EXILE TRIBE,82,ANIMAL,2013
氷川きよし,83,しぐれの港,2013
水樹奈々,84,Vitalization,2013
渡辺麻友,85,ラッパ練習中,2013
Acid Black Cherry,86,Greed Greed Greed,2013
三代目 J Soul Brothers from EXILE TRIBE,87,冬物語,2013
三代目 J Soul Brothers from EXILE TRIBE,88,SPARK,2013
前田敦子,89,タイムマシンなんていらない,2013
KARA,90,バイバイ ハッピーデイズ!,2013
テゴマス,91,サヨナラにさよなら,2013
Perfume,92,Magic of Love,2013
ノースリーブス,93,キリギリス人,2013
ST☆RISH,94,マジLOVE2000%,2013
SUPER JUNIOR-K.R.Y.,95,Promise You,2013
柏木由紀,96,Birthday wedding,2013
KARA,97,サンキュー サマーラブ,2013
氷川きよし,98,満天の瞳,2013
コブクロ,99,One Song From Two Hearts,2013
コブクロ,99,ダイヤモンド,2013
e-girls,100,クルクル,2013
AKB48,1,ラブラドール・レトリバー,2014
AKB48,2,希望的リフレイン,2014
AKB48,3,前しか向かねえ,2014
AKB48,4,鈴懸の木の道で「君の微笑みを夢に見る」と言ってしまったら僕たちの関係はどう変わってしまうのか、僕なりに何日か考えた上でのやや気恥ずかしい結論のようなもの,2014
AKB48,5,心のプラカード,2014
嵐,6,GUTS!,2014
嵐,7,Bittersweet,2014
乃木坂46,8,何度目の青空か?,2014
EXILE TRIBE,9,THE REVOLUTION,2014
乃木坂46,10,気づいたら片想い,2014
乃木坂46,11,夏のFree&Easy;,2014
嵐,12,誰も知らない,2014
SKE48,13,未来とは?,2014
SKE48,14,不器用太陽,2014
NMB48,15,高嶺の林檎,2014
NMB48,16,らしくない,2014
関ジャニ∞,17,キング オブ 男!,2014
Sexy Zone,18,君にHITOMEBORE,2014
HKT48,19,桜、みんなで食べた,2014
関ジャニ∞,20,言ったじゃないか,2014
関ジャニ∞,20,CloveR,2014
HKT48,21,控えめI love you!,2014
ジャニーズWEST,22,ええじゃないか,2014
Kis-My-Ft2,23,Another Future,2014
関ジャニ∞,24,ひびき,2014
SMAP,25,シャレオツ,2014
SMAP,25,ハロー,2014
Kis-My-Ft2,26,光のシグナル,2014
エイトレンジャー,27,ER2,2014
Hey!Say!JUMP,28,AinoArika,2014
Hey!Say!JUMP,28,愛すればもっとハッピーライフ,2014
Hey!Say!JUMP,29,ウィークエンダー,2014
Hey!Say!JUMP,29,明日へのYELL,2014
三代目 J Soul Brothers from EXILE TRIBE,30,R.Y.U.S.E.I.,2014
関ジャニ∞,31,オモイダマ,2014
舞祭組,32,棚からぼたもち,2014
関ジャニ∞,33,がむしゃら行進曲,2014
NEWS,34,ONE -for the win-,2014
Hey!Say!JUMP,35,Ride With Me,2014
ゴールデンボンバー,36,101回目の呪い,2014
EXILE,37,NEW HORIZON,2014
Sexy Zone,38,King&Queen;&Joker;,2014
SMAP,39,Yes we are,2014
SMAP,39,ココカラ,2014
KinKi Kids,40,鍵のない箱,2014
SMAP,41,Top Of The World,2014
SMAP,41,Amazing Discovery,2014
モーニング娘。'14,42,笑顔の君は太陽さ,2014
モーニング娘。'14,42,君の代わりは居やしない,2014
モーニング娘。'14,42,What is LOVE?,2014
KAT-TUN,43,In Fact,2014
Mr.Children,44,足音 ～Be Strong,2014
三代目 J Soul Brothers from EXILE TRIBE,45,C.O.S.M.O.S.～秋桜～,2014
Sexy Zone,46,男 never give up,2014
モーニング娘。'14,47,TIKI BUN,2014
モーニング娘。'14,47,見返り美人,2014
東方神起,48,Sweat,2014
東方神起,48,Answer,2014
SEKAI NO OWARI,49,スノーマジックファンタジー,2014
キング・クリームソーダ,50,ゲラゲラポーのうた,2014
サザンオールスターズ,51,東京VICTORY,2014
モーニング娘。'14,52,時空を超え 宇宙を超え,2014
モーニング娘。'14,52,Password is 0,2014
ジャニーズWEST,53,ジパング・おおきに大作戦,2014
ジャニーズWEST,53,夢を抱きしめて,2014
舞祭組,54,てぃーてぃーてぃーてれって てれてぃてぃてぃ ～だれのケツ～,2014
三代目 J Soul Brothers from EXILE TRIBE,55,S.A.K.U.R.A.,2014
東方神起,56,Hide & Seek,2014
東方神起,56,Something,2014
SEKAI NO OWARI,57,Dragon Night,2014
福田こうへい,58,南部蝉しぐれ,2014
東方神起,59,Time Works Wonders,2014
SEKAI NO OWARI,60,炎と森のカーニバル,2014
2PM,61,ミダレテミナ,2014
V6,62,Sky’s The Limit,2014
福田こうへい,63,峠越え,2014
μ’s,64,それは僕たちの奇跡,2014
μ’s,65,タカラモノズ,2014
μ’s,65,Paradise Live,2014
乃木坂46,66,バレッタ,2014
GENERATIONS from EXILE TRIBE,67,NEVER LET YOU GO,2014
氷川きよし,68,大利根ながれ月,2014
キング・クリームソーダ,69,祭り囃子でゲラゲラポー,2014
キング・クリームソーダ,69,初恋峠でゲラゲラポー,2014
Perfume,70,Cling Cling,2014
Dream5+ブリー隊長,71,ダン・ダン ドゥビ・ズバー!,2014
ももいろクローバーZ,72,泣いてもいいんだよ,2014
キム・ヒョンジュン,73,HOT SUN,2014
ONE OK ROCK,74,Mighty Long Fall,2014
ONE OK ROCK,74,Decision,2014
氷川きよし,75,ちょいときまぐれ渡り鳥,2014
Berryz工房,76,ロマンスを語って,2014
Berryz工房,76,永久の歌,2014
Acid Black Cherry,77,INCUBUS,2014
SUPER JUNIOR,78,Blue World,2014
E-girls,79,Diamond Only,2014
Acid Black Cherry,80,君がいない、あの日から…,2014
SKE48,81,賛成カワイイ!,2014
E-girls,82,Highschool love,2014
V6,83,涙のアトが消える頃,2014
UVERworld,84,ナノ・セカンド,2014
ゴールデンボンバー,85,ローラの傷だらけ,2014
EXILE TAKAHIRO,86,Love Story,2014
AKB48,87,恋するフォーチュンクッキー ,2014
関ジャニ∞,88,ココロ空モヨウ,2014
℃-ute,89,心の叫びを歌にしてみた,2014
℃-ute,89,Love take it all,2014
安室奈美恵,90,TSUKI,2014
水森かおり,91,島根恋旅,2014
EXILE SHOKICHI,92,BACK TO THE FUTURE,2014
ももいろクローバーZ,93,MOON PRIDE,2014
μ’s,94,Dancing stars on me!,2014
星空凛(飯田里穂)・西木野真姫(Pile)・小泉花陽(久保ユリカ)・絢瀬絵里(南條愛乃)・東條希(楠田亜衣奈)・矢澤にこ(徳井青空),94,Love wing bell,2014
μ's,95,どんなときもずっと,2014
島倉千代子,96,からたちの小径,2014
μ’s,97,「KiRa-KiRa Sensation!」,2014
μ’s,97,「Happy maker!」,2014
私立恵比寿中学,98,ハイタテキ!,2014
℃-ute,99,I miss you,2014
℃-ute,99,THE FUTURE,2014
E-girls,100,E.G.Anthem -WE ARE VENUS-,2014
AKB48,1,僕たちは戦わない,2015
AKB48,2,ハロウィン・ナイト,2015
AKB48,3,Green Flash,2015
AKB48,4,唇にBe My Baby,2015
SKE48,5,コケティッシュ渋滞中,2015
乃木坂46,6,今、話したい誰かがいる,2015
乃木坂46,7,太陽ノック,2015
乃木坂46,8,命は美しい,2015
嵐,9,青空の下、キミのとなり,2015
NMB48,10,Don’t look back!,2015
嵐,11,Sakura,2015
嵐,12,愛を叫べ,2015
Kis-My-Ft2,13,Thank youじゃん!,2015
SKE48,14,前のめり,2015
三代目 J Soul Brothers from EXILE TRIBE,15,starting over,2015
SKE48,16,12月のカンガルー,2015
NMB48,17,ドリアン少年,2015
NMB48,18,Must be now,2015
Kis-My-Ft2,19,Kiss魂,2015
HKT48,20,12秒,2015
関ジャニ∞,21,前向きスクリーム!,2015
HKT48 feat.氣志團,22,しぇからしか!,2015
三代目 J Soul Brothers from EXILE TRIBE,23,O.R.I.O.N.,2015
三代目 J Soul Brothers from EXILE TRIBE,24,Summer Madness,2015
Hey!Say!JUMP,25,キミアトラクション,2015
ラブ・クレッシェンド,26,コップの中の木漏れ日,2015
Kis-My-Ft2,27,AAO,2015
BUMP OF CHICKEN,28,"Hello,world!",2015
BUMP OF CHICKEN,28,コロニー,2015
Kis-My-Ft2,29,最後もやっぱり君,2015
KAT-TUN,30,Dead or Alive,2015
三代目 J Soul Brothers from EXILE TRIBE,31,Unfair World,2015
B’z,32,RED,2015
福山雅治,33,I am a HERO,2015
EXO,34,Love Me Right ～romantic universe～,2015
SMAP,35,華麗なる逆襲,2015
SMAP,35,ユーモアしちゃうよ,2015
関ジャニ∞,36,強く 強く 強く,2015
B’z,37,有頂天,2015
Hey!Say!JUMP,38,Chau#,2015
Hey!Say!JUMP,38,我 I Need You,2015
KinKi Kids,39,夢を見れば傷つくこともある,2015
SMAP,40,Otherside,2015
SMAP,40,愛が止まるまでは,2015
KAT-TUN,41,KISS KISS KISS,2015
東方神起,42,サクラミチ,2015
GENERATIONS from EXILE TRIBE,43,ALL FOR YOU,2015
関ジャニ∞,44,侍唄(さむらいソング),2015
NEWS,45,KAGUYA,2015
JYJ,46,WAKE ME TONIGHT,2015
舞祭組,47,やっちゃった!!,2015
モーニング娘。'15,48,Oh my wish!,2015
モーニング娘。'15,48,スカッとMy Heart,2015
モーニング娘。'15,48,今すぐ飛び込む勇気,2015
仮面女子,49,元気種☆,2015
2PM,50,HIGHER,2015
三代目 J Soul Brothers from EXILE TRIBE,51,STORM RIDERS feat.SLASH,2015
NEWS,52,チュムチュム,2015
SHINee,53,Your Number,2015
Sexy Zone,54,Cha-Cha-Cha チャンピオン,2015
μ's,55,Angelic Angel,2015
星空凛(飯田里穂)・西木野真姫(Pile)・小泉花陽(久保ユリカ),55,"Hello,星を数えて",2015
EXILE,56,Ki・mi・ni・mu・chu,2015
μ's,57,SUNNY DAY SONG,2015
絢瀬絵里(南條愛乃)・東條希(楠田亜衣奈)・矢澤にこ(徳井青空),57,？←HEARTBEAT,2015
μ's,58,僕たちはひとつの光,2015
高坂穂乃果(新田恵海)・南ことり(内田彩)・園田海未(三森すずこ),58,Future style,2015
渋谷すばる,59,記憶,2015
渋谷すばる,59,ココロオドレバ,2015
ジャニーズWEST,60,バリ ハピ,2015
2PM,61,Guilty Love,2015
ジャニーズWEST,62,ズンドコ パラダイス,2015
モーニング娘。'15,63,青春小僧が泣いている,2015
モーニング娘。'15,63,夕暮れは雨上がり,2015
モーニング娘。'15,63,イマココカラ,2015
V6,64,Timeless,2015
EXILE,65,24karats GOLD SOUL,2015
SEKAI NO OWARI,66,ANTI-HERO,2015
防弾少年団,67,I NEED U(Japanese Ver.),2015
"BiBi～絢瀬絵里(南條愛乃),西木野真姫(Pile),矢澤にこ(徳井青空)from μ’s～",68,冬がくれた予感,2015
μ’s,69,HEART to HEART!,2015
UNISON SQUARE GARDEN,71,シュガーソングとビターステップ,2015
SEKAI NO OWARI,72,SOS,2015
SEKAI NO OWARI,72,プレゼント,2015
SUPER☆GiRLS,73,イッチャって♪ ヤッチャって♪,2015
CROSS GENE,74,sHi-tai!,2015
CROSS GENE,74,Love & Peace,2015
A.B.C-Z,75,Moonlight walker,2015
星野源,76,SUN,2015
ももいろクローバーZ,77,青春賦,2015
GENERATIONS from EXILE TRIBE,78,Hard Knock Days,2015
Perfume,79,STAR TRAIN,2015
私立恵比寿中学,81,スーパーヒーロー,2015
三山ひろし,82,お岩木山,2015
防弾少年団,83,FOR YOU,2015
ももいろクローバーZ vs KISS,84,夢の浮世に咲いてみな,2015
EXILE,85,情熱の花,2015
℃-ute,87,嵐を起こすんだ Exciting Fight!,2015
℃-ute,87,ありがとう～無限のエール～,2015
Perfume,88,Relax In The City,2015
Perfume,88,Pick Me Up,2015
山内惠介,89,スポットライト,2015
B1A4,90,白いキセキ,2015
氷川きよし,91,男花(シングルバージョン),2015
氷川きよし,91,愛しのテキーロ,2015
SUPER JUNIOR,92,MAMACITA -AYAYA-,2015
UVERworld,93,僕の言葉ではない これは僕達の言葉,2015
春日未来(山崎はるか)・最上静香(田所あずさ)・伊吹翼(Machico),94,Dreaming!,2015
CINDERELLA PROJECT,95,Star!!,2015
Aqours,96,君のこころは輝いてるかい?,2015
℃-ute,97,The Middle Management～女性中間管理職～,2015
℃-ute,97,我武者LIFE,2015
℃-ute,97,次の角を曲がれ,2015
MAN WITH A MISSION,98,Seven Deadly Sins,2015
MAN WITH A MISSION,99,Raise your flag,2015
INFINITE,100,24時間,2015
AKB48,1,翼はいらない,2016
AKB48,2,君はメロディー,2016
AKB48,3,しあわせを分けなさい,2016
AKB48,3,LOVE TRIP,2016
AKB48,4,ハイテンション,2016
乃木坂46,5,サヨナラの意味,2016
乃木坂46,6,裸足でSummer,2016
嵐,7,I seek,2016
嵐,7,Daylight,2016
乃木坂46,8,ハルジオンが咲く頃,2016
嵐,9,復活LOVE,2016
嵐,10,Power of the Paradise,2016
欅坂46,11,二人セゾン,2016
SMAP,12,世界に一つだけの花,2016
欅坂46,13,世界には愛しかない,2016
欅坂46,14,サイレントマジョリティー,2016
SKE48,15,チキンLINE,2016
NMB48,16,僕はいない,2016
HKT48,17,最高かよ,2016
SKE48,18,金の愛、銀の愛,2016
Hey!Say!JUMP,19,真剣SUNSHINE,2016
HKT48,20,74億分の1の君へ,2016
関ジャニ∞,21,罪と夏,2016
NMB48,22,甘噛み姫,2016
Kis-My-Ft2,23,Sha la la☆Summer Time,2016
Hey!Say!JUMP,24,Fantastic Time,2016
Kis-My-Ft2,25,Gravity,2016
関ジャニ∞,26,NOROSHI,2016
Hi-STANDARD,27,ANOTHER STARTING LINE,2016
BOYS AND MEN,28,YAMATO☆Dancing,2016
KAT-TUN,29,UNLOCK,2016
KinKi Kids,30,薔薇と太陽,2016
Sexy Zone,31,カラフル Eyes,2016
星野源,32,恋,2016
KinKi Kids,33,道は手ずから夢の花,2016
AKB48,34,唇にBe My Baby,2016
関ジャニ∞,35,パノラマ,2016
NEWS,36,恋を知らない君へ,2016
三代目 J Soul Brothers from EXILE TRIBE,37,Welcome to TOKYO,2016
NEWS,38,ヒカリノシズク,2016
NEWS,38,Touch,2016
モーニング娘。'15,39,冷たい風と片思い,2016
モーニング娘。'15,39,ENDLESS SKY,2016
モーニング娘。'15,39,One and Only,2016
KAT-TUN,40,TRAGEDY,2016
EXO,41,Coming Over,2016
氷川きよし,42,みれん心,2016
ジャニーズWEST,43,人生は素晴らしい,2016
μ’s,44,MOMENT RING,2016
防弾少年団,45,RUN-Japanese Ver.-,2016
Sexy Zone,46,よびすて,2016
ジャニーズWEST,47,逆転Winner,2016
桑田佳祐,48,ヨシ子さん,2016
V6,49,Beautiful World,2016
THE YELLOW MONKEY,50,砂の塔,2016
稲葉浩志,51,羽,2016
モーニング娘。'16,52,泡沫サタデーナイト！,2016
モーニング娘。'16,52,The Vision,2016
モーニング娘。'16,52,Tokyoという片隅,2016
イヤミ feat.おそ松×カラ松×チョロ松×一松×十四松×トド松,53,SIX SAME FACES ～今夜は最高!!!!!!～,2016
EXILE,54,Joy-ride ～歓喜のドライブ～,2016
Sexy Zone,57,勝利の日まで,2016
モーニング娘。'16,58,セクシーキャットの演説,2016
モーニング娘。'16,58,ムキダシで向き合って,2016
モーニング娘。'16,58,そうじゃない,2016
BOYS AND MEN,59,BOYMEN NINJA,2016
GENERATIONS from EXILE TRIBE,60,涙,2016
2PM,61,Promise(I’ll be)-Japanese ver.-,2016
ACE OF SPADES×PKCZ(R)feat.登坂広臣,62,TIME FLIES,2016
Flower,63,瞳の奥の銀河,2016
桑田佳祐,64,君への手紙,2016
EXILE THE SECOND,65,YEAH!! YEAH!! YEAH!!,2016
山内惠介,66,流転の波止場,2016
GENERATIONS from EXILE TRIBE,68,PIERROT,2016
Aqours,69,恋になりたいAQUARIUM,2016
"BiBi～絢瀬絵里(南條愛乃),西木野真姫(Pile),矢澤にこ(徳井青空)from μ’s～",70,錯覚CROSSROADS,2016
藤原さくら,71,Soup,2016
SEKAI NO OWARI,72,Hey Ho,2016
VOICE by トト子 feat.おそ松×カラ松×チョロ松×一松×十四松×トド松,73,SIX SHAME FACES ～今夜も最高!!!!!!～,2016
Aqours,74,青空Jumping Heart,2016
安室奈美恵,75,Hero,2016
E-girls,76,Pink Champagne,2016
SHINee,77,君のせいで,2016
水森かおり,78,越後水原,2016
E-girls,79,E.G.summer RIDER,2016
三山ひろし,80,四万十川,2016
Flower,81,やさしさで溢れるように,2016
"lily white～園田海未(三森すずこ),星空凛(飯田里穂),東條希(楠田亜衣奈)from μ’s～",82,思い出以上になりたくて,2016
℃-ute,83,何故 人は争うんだろう?,2016
℃-ute,83,Summer Wind,2016
℃-ute,83,人生はSTEP!,2016
BOYS AND MEN,84,Wanna be!,2016
SUPER JUNIOR,85,Devil,2016
SUPER JUNIOR,85,Magic,2016
コブクロ,86,未来,2016
ShuuKaRen,87,UNIVERSE,2016
林部智史,88,あいたい,2016
安室奈美恵,89,Dear Diary,2016
安室奈美恵,89,Fighter,2016
WANIMA,90,JUICE UP!!,2016
ももいろクローバーZ,91,ザ・ゴールデン・ヒストリー,2016
℃-ute,92,夢幻クライマックス,2016
℃-ute,92,愛はまるで静電気,2016
℃-ute,92,Singing～あの頃のように～,2016
iKON,93,DUMB & DUMBER,2016
ワルキューレ,94,一度だけの恋なら,2016
ワルキューレ,94,ルンがピカッと光ったら,2016
米津玄師,95,LOSER,2016
米津玄師,95,ナンバーナイン,2016
L’Arc～en～Ciel,96,Wings Flap,2016
SUPER☆GiRLS,97,ラブサマ!!!,2016
ラブ・クレッシェンド,98,コップの中の木漏れ日,2016
アンジュルム,99,次々続々,2016
アンジュルム,99,糸島Distance,2016
アンジュルム,99,恋ならとっくに始まってる,2016
Aqours,100,ジングルベルがとまらない,2016
AKB48,1,願いごとの持ち腐れ,2017
AKB48,3,11月のアンクレット,2017
AKB48,4,シュートサイン,2017
乃木坂46,5,逃げ水,2017
乃木坂46,6,インフルエンサー,2017
乃木坂46,7,いつかできるから今日できる,2017
欅坂46,8,不協和音,2017
欅坂46,9,風に吹かれても,2017
嵐,10,Doors ～勇気の軌跡～,2017
嵐,11,I’ll be there,2017
嵐,12,つなぐ,2017
BTS (防弾少年団),13,MIC Drop,2017
BTS (防弾少年団),13,DNA,2017
BTS (防弾少年団),13,Crystal Snow,2017
SKE48,14,意外にマンゴー,2017
NMB48,15,僕以外の誰か,2017
関ジャニ∞,16,なぐりガキBEAT,2017
Hey!Say!JUMP,17,OVER THE TOP,2017
Hey! Say! JUMP,18,Precious Girl,2017
A.Y.T.,18,Are You There?,2017
Hey!Say!JUMP,19,Give Me Love,2017
関ジャニ∞,20,奇跡の人,2017
HKT48,21,バグっていいじゃん,2017
BTS (防弾少年団),22,血、汗、涙 -Japanese ver.-,2017
HKT48,23,キスは待つしかないのでしょうか?,2017
TWICE,24,One More Time,2017
関ジャニ∞,25,応答セヨ,2017
星野源,26,Family Song,2017
Kis-My-Ft2,27,SEVEN WISHES),2017
Kis-My-Ft2,27,君のいる世界,2017
Kis-My-Ft2,27,Tonight,2017
亀と山P,28,背中越しのチャンス,2017
KinKi Kids,29,The Red Light,2017
NGT48,30,青春時計,2017
Kis-My-Ft2,31,PICK IT UP,2017
Kis-My-Ft2,32,赤い果実,2017
舞祭組,33,道しるべ,2017
BOYS AND MEN,34,帆を上げろ!,2017
NEWS,35,EMMA,2017
Mr.Children,36,himawari,2017
Mr.Children,37,ヒカリノアトリエ,2017
B’z,38,声明,2017
B’z,38,Still Alive,2017
ジャニーズWEST,39,Ya!Hot!Hot!,2017
ジャニーズWEST,39,おーさか☆愛・EYE・哀,2017
NGT48,40,世界はどこまで青空なのか?,2017
Sexy Zone,41,ROCK THA TOWN,2017
欅坂46,42,二人セゾン,2017
V6,43,Can’t Get Enough,2017
V6,43,ハナヒラケ,2017
Sexy Zone,44,ぎゅっと,2017
QUARTET NIGHT,45,God’s S.T.A.R.,2017
ジャニーズWEST,46,僕ら今日も生きている,2017
ジャニーズWEST,46,考えるな、燃えろ!!,2017
氷川きよし,47,男の絶唱,2017
星野源,48,恋,2017
モーニング娘。'17,49,邪魔しないで Here We Go！,2017
モーニング娘。'17,49,弩級のゴーサイン,2017
モーニング娘。'17,49,若いんだし！,2017
三代目 J Soul Brothers from EXILE TRIBE,50,HAPPY,2017
祭nine.,51,嗚呼、夢神輿,2017
V6,52,COLORS,2017
V6,52,太陽と月のこどもたち,2017
GENERATIONS from EXILE TRIBE,53,BIG CITY RODEO,2017
765 MILLION ALLSTARS,54,Brand New Theater!,2017
315 STARS,55,Reason!!,2017
SHINee,56,Winter Wonderland,2017
SMAP,57,世界に一つだけの花,2017
刀剣男士 formation of 三百年,58,勝利の凱歌,2017
超特急,59,My Buddy,2017
モーニング娘。'17,60,BRAND NEW MORNING,2017
モーニング娘。'17,60,ジェラシー ジェラシー,2017
グリーンボーイズ,61,キセキ),2017
グリーンボーイズ,61,道,2017
グリーンボーイズ,61,声,2017
島村卯月(大橋彩香)、小日向美穂(津田美波)、佐久間まゆ(牧野由依)、櫻井桃華(照井春佳)、双葉杏(五十嵐裕美),62,キラッ!満開スマイル,2017
SEKAI NO OWARI,63,RAIN,2017
私立恵比寿中学,64,シンガロン・シンガソン,2017
THE RAMPAGE from EXILE TRIBE,65,Lightning,2017
島村卯月(大橋彩香)、小日向美穂(津田美波)、五十嵐響子(種崎敦美),66,ラブレター(M@STER VERSION),2017
Aqours,67,未来の僕らは知ってるよ,2017
山内惠介,68,愛が信じられないなら,2017
E-girls,69,Love☆Queen,2017
米津玄師,70,ピースサイン,2017
超特急,71,超ネバギバDANCE,2017
倉木麻衣,72,渡月橋 ～君 想ふ～,2017
福山雅治,73,聖域,2017
島村卯月(大橋彩香)、渋谷凛(福原綾香)、本田未央(原紗友里)、赤城みりあ(黒沢ともよ)、安部菜々(三宅麻理恵),74,Yes! Party Time!! (M@STER VERSION),2017
Aqours,75,HAPPY PARTY TRAIN,2017
℃-ute,76,To Tomorrow,2017
℃-ute,76,ファイナルスコール,2017
℃-ute,76,The Curtain Rises,2017
WANIMA,77,これだけは),2017
WANIMA,77,ララバイ,2017
WANIMA,77,CHARM,2017
渋谷凛(福原綾香)、上条春菜(長島光那)、神谷奈緒(松井恵理子)、神崎蘭子(内田真礼)、三船美優(原田彩楓),79,エチュードは1曲だけ,2017
竹島宏,80,月枕,2017
Flower,81,たいようの哀悼歌,2017
多田李衣菜(青木瑠璃子)、木村夏樹(安野希世乃),82,Jet to the Future,2017
城ヶ崎莉嘉(山本希望)、緒方智絵里(大空直美)、北条加蓮(渕上舞)、川島瑞樹(東山奈央)、大槻唯(山下七海),83,BEYOND THE STARLIGHT,2017
Perfume,84,TOKYO GIRL,2017
UVERworld,85,一滴の影響,2017
水森かおり,86,早鞆ノ瀬戸,2017
MAG!C☆PRINCE,87,YUME no MELODY,2017
MAG!C☆PRINCE,87,Dreamland,2017
BOYS AND MEN 研究生,88,ドドンコ Don’t worry,2017
コブクロ,89,心,2017
乃木坂46,90,サヨナラの意味,2017
LiSA,91,Catch the Moment,2017
A.B.C-Z,92,Reboot!!!,2017
小沢健二,93,流動体について,2017
双葉杏(五十嵐裕美)、諸星きらり(松嵜麗),94,あんきら!?狂騒曲 (M@STER VERSION),2017
島村卯月(大橋彩香)、渋谷凛(福原綾香)、本田未央(原紗友里)、城ヶ崎美嘉(佳村はるか)、多田李衣菜(青木瑠璃子),95,Treasure☆(M@STER VERSION),2017
Perfume,96,If you wanna,2017
欅坂46,98,サイレントマジョリティー,2017
ももいろクローバーZ,99,BLAST!,2017
刀剣男士 team新撰組 with蜂須賀虎徹,100,ユメひとつ,2017
